{
	"parent": "item/generated",
	"textures": {
		"layer0": "item/diamond_hoe"
	},
	
	"overrides": [
		{"predicate": {"custom_model_data":1}, "model": "hats/santahat"},
		{"predicate": {"custom_model_data":2}, "model": "hats/woolears"},
		{"predicate": {"custom_model_data":3}, "model": "hats/bluescarf"},
		{"predicate": {"custom_model_data":4}, "model": "hats/rudolph"},
		{"predicate": {"custom_model_data":5}, "model": "item/leave1"},
		{"predicate": {"custom_model_data":6}, "model": "item/leave2"}
	]
}