{
	"parent": "item/generated",
	"textures": {
		"layer0": "item/golden_hoe"
	},
	
	"overrides": [
		{"predicate": {"custom_model_data":1}, "model": "elf/elf_1"},
		{"predicate": {"custom_model_data":2}, "model": "elf/elf_2"},
		{"predicate": {"custom_model_data":3}, "model": "elf/elf_3"},
		{"predicate": {"custom_model_data":4}, "model": "elf/elf_4"},
		{"predicate": {"custom_model_data":5}, "model": "elf/elf_finish"},
		{"predicate": {"custom_model_data":6}, "model": "elf/elff_1"},
		{"predicate": {"custom_model_data":7}, "model": "elf/elff_2"},
		{"predicate": {"custom_model_data":8}, "model": "elf/elff_3"},
		{"predicate": {"custom_model_data":9}, "model": "elf/elff_4"},
		{"predicate": {"custom_model_data":10}, "model": "elf/gift"},
		{"predicate": {"custom_model_data":11}, "model": "weapons/snowman_red"},
		{"predicate": {"custom_model_data":12}, "model": "weapons/snowman_green"},
		{"predicate": {"custom_model_data":13}, "model": "elf/redgift"},
		{"predicate": {"custom_model_data":14}, "model": "weapons/snowmanmelt_red1"},
		{"predicate": {"custom_model_data":15}, "model": "weapons/snowmanmelt_green1"},
		{"predicate": {"custom_model_data":16}, "model": "weapons/snowmanmelt_red2"},
		{"predicate": {"custom_model_data":17}, "model": "weapons/snowmanmelt_green2"},
		{"predicate": {"custom_model_data":18}, "model": "weapons/snowmanmelt_red3"},
		{"predicate": {"custom_model_data":19}, "model": "weapons/snowmanmelt_green3"},
		{"predicate": {"custom_model_data":20}, "model": "weapons/snowmanmelt_red4"},
		{"predicate": {"custom_model_data":21}, "model": "weapons/snowmanmelt_green4"},
		{"predicate": {"custom_model_data":22}, "model": "weapons/candycane"}
	]
}