{
	"credit": "Made with Blockbench",
	"textures": {
		"0": "block/lime_wool",
		"1": "block/white_wool",
		"2": "block/red_wool",
		"3": "block/black_wool",
		"4": "block/white_terracotta",
		"5": "block/white_concrete",
		"6": "block/black_concrete",
		"7": "block/light_blue_wool",
		"8": "block/yellow_wool",
		"particle": "block/white_concrete"
	},
	"elements": [
		{
			"from": [6, 0, 10],
			"to": [9, 1, 15],
			"rotation": {"angle": 0, "axis": "y", "origin": [15, 8, 18]},
			"faces": {
				"north": {"uv": [0, 0, 3, 1], "texture": "#0"},
				"east": {"uv": [0, 0, 5, 1], "texture": "#0"},
				"south": {"uv": [0, 0, 3, 1], "texture": "#0"},
				"west": {"uv": [0, 0, 5, 1], "texture": "#0"},
				"up": {"uv": [0, 0, 3, 5], "texture": "#0"},
				"down": {"uv": [0, 0, 3, 5], "texture": "#0"}
			}
		},
		{
			"from": [5, 0, 12],
			"to": [6, 1, 15],
			"rotation": {"angle": 0, "axis": "y", "origin": [12, 8, 20]},
			"faces": {
				"north": {"uv": [0, 0, 1, 1], "texture": "#0"},
				"east": {"uv": [0, 0, 3, 1], "texture": "#0"},
				"south": {"uv": [0, 0, 1, 1], "texture": "#0"},
				"west": {"uv": [0, 0, 3, 1], "texture": "#0"},
				"up": {"uv": [0, 0, 1, 3], "texture": "#0"},
				"down": {"uv": [0, 0, 1, 3], "texture": "#0"}
			}
		},
		{
			"from": [9, 0, 12],
			"to": [10, 1, 15],
			"rotation": {"angle": 0, "axis": "y", "origin": [16, 8, 20]},
			"faces": {
				"north": {"uv": [0, 0, 1, 1], "texture": "#0"},
				"east": {"uv": [0, 0, 3, 1], "texture": "#0"},
				"south": {"uv": [0, 0, 1, 1], "texture": "#0"},
				"west": {"uv": [0, 0, 3, 1], "texture": "#0"},
				"up": {"uv": [0, 0, 1, 3], "texture": "#0"},
				"down": {"uv": [0, 0, 1, 3], "texture": "#0"}
			}
		},
		{
			"from": [9, 1, 11],
			"to": [10, 2, 14],
			"rotation": {"angle": 0, "axis": "y", "origin": [17, 9, 19]},
			"faces": {
				"north": {"uv": [0, 0, 1, 1], "texture": "#1"},
				"east": {"uv": [0, 0, 3, 1], "texture": "#1"},
				"south": {"uv": [0, 0, 1, 1], "texture": "#1"},
				"west": {"uv": [0, 0, 3, 1], "texture": "#1"},
				"up": {"uv": [0, 0, 1, 3], "texture": "#1"},
				"down": {"uv": [0, 0, 1, 3], "texture": "#1"}
			}
		},
		{
			"from": [5, 1, 11],
			"to": [6, 2, 14],
			"rotation": {"angle": 0, "axis": "y", "origin": [13, 9, 19]},
			"faces": {
				"north": {"uv": [0, 0, 1, 1], "texture": "#1"},
				"east": {"uv": [0, 0, 3, 1], "texture": "#1"},
				"south": {"uv": [0, 0, 1, 1], "texture": "#1"},
				"west": {"uv": [0, 0, 3, 1], "texture": "#1"},
				"up": {"uv": [0, 0, 1, 3], "texture": "#1"},
				"down": {"uv": [0, 0, 1, 3], "texture": "#1"}
			}
		},
		{
			"from": [6, 1, 10],
			"to": [9, 2, 15],
			"rotation": {"angle": 0, "axis": "y", "origin": [16, 9, 19]},
			"faces": {
				"north": {"uv": [0, 0, 3, 1], "texture": "#1"},
				"east": {"uv": [0, 0, 5, 1], "texture": "#1"},
				"south": {"uv": [0, 0, 3, 1], "texture": "#1"},
				"west": {"uv": [0, 0, 5, 1], "texture": "#1"},
				"up": {"uv": [0, 0, 3, 5], "texture": "#1"},
				"down": {"uv": [0, 0, 3, 5], "texture": "#1"}
			}
		},
		{
			"from": [8, 2, 10],
			"to": [9, 3, 11],
			"rotation": {"angle": 0, "axis": "y", "origin": [16, 10, 18]},
			"faces": {
				"north": {"uv": [0, 0, 1, 1], "texture": "#2"},
				"east": {"uv": [0, 0, 1, 1], "texture": "#2"},
				"south": {"uv": [0, 0, 1, 1], "texture": "#2"},
				"west": {"uv": [0, 0, 1, 1], "texture": "#2"},
				"up": {"uv": [0, 0, 1, 1], "texture": "#2"},
				"down": {"uv": [0, 0, 1, 1], "texture": "#2"}
			}
		},
		{
			"from": [6, 2, 10],
			"to": [7, 3, 11],
			"rotation": {"angle": 0, "axis": "y", "origin": [14, 10, 18]},
			"faces": {
				"north": {"uv": [0, 0, 1, 1], "texture": "#2"},
				"east": {"uv": [0, 0, 1, 1], "texture": "#2"},
				"south": {"uv": [0, 0, 1, 1], "texture": "#2"},
				"west": {"uv": [0, 0, 1, 1], "texture": "#2"},
				"up": {"uv": [0, 0, 1, 1], "texture": "#2"},
				"down": {"uv": [0, 0, 1, 1], "texture": "#2"}
			}
		},
		{
			"from": [6, 3, 10],
			"to": [8, 4, 11],
			"rotation": {"angle": 0, "axis": "y", "origin": [15, 11, 18]},
			"faces": {
				"north": {"uv": [0, 0, 2, 1], "texture": "#2"},
				"east": {"uv": [0, 0, 1, 1], "texture": "#2"},
				"south": {"uv": [0, 0, 2, 1], "texture": "#2"},
				"west": {"uv": [0, 0, 1, 1], "texture": "#2"},
				"up": {"uv": [0, 0, 2, 1], "texture": "#2"},
				"down": {"uv": [0, 0, 2, 1], "texture": "#2"}
			}
		},
		{
			"from": [7, 2, 10],
			"to": [8, 3, 11],
			"rotation": {"angle": 0, "axis": "y", "origin": [15, 10, 18]},
			"faces": {
				"north": {"uv": [0, 0, 1, 1], "texture": "#0"},
				"east": {"uv": [0, 0, 1, 1], "texture": "#0"},
				"south": {"uv": [0, 0, 1, 1], "texture": "#0"},
				"west": {"uv": [0, 0, 1, 1], "texture": "#0"},
				"up": {"uv": [0, 0, 1, 1], "texture": "#0"},
				"down": {"uv": [0, 0, 1, 1], "texture": "#0"}
			}
		},
		{
			"from": [5, 2, 11],
			"to": [6, 3, 12],
			"rotation": {"angle": 0, "axis": "y", "origin": [13, 10, 19]},
			"faces": {
				"north": {"uv": [0, 0, 1, 1], "texture": "#0"},
				"east": {"uv": [0, 0, 1, 1], "texture": "#0"},
				"south": {"uv": [0, 0, 1, 1], "texture": "#0"},
				"west": {"uv": [0, 0, 1, 1], "texture": "#0"},
				"up": {"uv": [0, 0, 1, 1], "texture": "#0"},
				"down": {"uv": [0, 0, 1, 1], "texture": "#0"}
			}
		},
		{
			"from": [5, 3, 12],
			"to": [6, 4, 13],
			"rotation": {"angle": 0, "axis": "y", "origin": [13, 11, 20]},
			"faces": {
				"north": {"uv": [0, 0, 1, 1], "texture": "#0"},
				"east": {"uv": [0, 0, 1, 1], "texture": "#0"},
				"south": {"uv": [0, 0, 1, 1], "texture": "#0"},
				"west": {"uv": [0, 0, 1, 1], "texture": "#0"},
				"up": {"uv": [0, 0, 1, 1], "texture": "#0"},
				"down": {"uv": [0, 0, 1, 1], "texture": "#0"}
			}
		},
		{
			"from": [5, 3, 11],
			"to": [6, 4, 12],
			"rotation": {"angle": 0, "axis": "y", "origin": [13, 11, 19]},
			"faces": {
				"north": {"uv": [0, 0, 1, 1], "texture": "#2"},
				"east": {"uv": [0, 0, 1, 1], "texture": "#2"},
				"south": {"uv": [0, 0, 1, 1], "texture": "#2"},
				"west": {"uv": [0, 0, 1, 1], "texture": "#2"},
				"up": {"uv": [0, 0, 1, 1], "texture": "#2"},
				"down": {"uv": [0, 0, 1, 1], "texture": "#2"}
			}
		},
		{
			"from": [5, 2, 13],
			"to": [6, 3, 14],
			"rotation": {"angle": 0, "axis": "y", "origin": [13, 10, 21]},
			"faces": {
				"north": {"uv": [0, 0, 1, 1], "texture": "#0"},
				"east": {"uv": [0, 0, 1, 1], "texture": "#0"},
				"south": {"uv": [0, 0, 1, 1], "texture": "#0"},
				"west": {"uv": [0, 0, 1, 1], "texture": "#0"},
				"up": {"uv": [0, 0, 1, 1], "texture": "#0"},
				"down": {"uv": [0, 0, 1, 1], "texture": "#0"}
			}
		},
		{
			"from": [6, 2, 14],
			"to": [7, 3, 15],
			"rotation": {"angle": 0, "axis": "y", "origin": [14, 10, 22]},
			"faces": {
				"north": {"uv": [0, 0, 1, 1], "texture": "#0"},
				"east": {"uv": [0, 0, 1, 1], "texture": "#0"},
				"south": {"uv": [0, 0, 1, 1], "texture": "#0"},
				"west": {"uv": [0, 0, 1, 1], "texture": "#0"},
				"up": {"uv": [0, 0, 1, 1], "texture": "#0"},
				"down": {"uv": [0, 0, 1, 1], "texture": "#0"}
			}
		},
		{
			"from": [8, 2, 13],
			"to": [9, 3, 14],
			"rotation": {"angle": 0, "axis": "y", "origin": [16, 10, 21]},
			"faces": {
				"north": {"uv": [0, 0, 1, 1], "texture": "#0"},
				"east": {"uv": [0, 0, 1, 1], "texture": "#0"},
				"south": {"uv": [0, 0, 1, 1], "texture": "#0"},
				"west": {"uv": [0, 0, 1, 1], "texture": "#0"},
				"up": {"uv": [0, 0, 1, 1], "texture": "#0"},
				"down": {"uv": [0, 0, 1, 1], "texture": "#0"}
			}
		},
		{
			"from": [9, 2, 11],
			"to": [10, 3, 12],
			"rotation": {"angle": 0, "axis": "y", "origin": [17, 10, 19]},
			"faces": {
				"north": {"uv": [0, 0, 1, 1], "texture": "#0"},
				"east": {"uv": [0, 0, 1, 1], "texture": "#0"},
				"south": {"uv": [0, 0, 1, 1], "texture": "#0"},
				"west": {"uv": [0, 0, 1, 1], "texture": "#0"},
				"up": {"uv": [0, 0, 1, 1], "texture": "#0"},
				"down": {"uv": [0, 0, 1, 1], "texture": "#0"}
			}
		},
		{
			"from": [5, 2, 12],
			"to": [6, 3, 13],
			"rotation": {"angle": 0, "axis": "y", "origin": [13, 10, 20]},
			"faces": {
				"north": {"uv": [0, 0, 1, 1], "texture": "#2"},
				"east": {"uv": [0, 0, 1, 1], "texture": "#2"},
				"south": {"uv": [0, 0, 1, 1], "texture": "#2"},
				"west": {"uv": [0, 0, 1, 1], "texture": "#2"},
				"up": {"uv": [0, 0, 1, 1], "texture": "#2"},
				"down": {"uv": [0, 0, 1, 1], "texture": "#2"}
			}
		},
		{
			"from": [9, 2, 12],
			"to": [10, 3, 13],
			"rotation": {"angle": 0, "axis": "y", "origin": [17, 10, 20]},
			"faces": {
				"north": {"uv": [0, 0, 1, 1], "texture": "#2"},
				"east": {"uv": [0, 0, 1, 1], "texture": "#2"},
				"south": {"uv": [0, 0, 1, 1], "texture": "#2"},
				"west": {"uv": [0, 0, 1, 1], "texture": "#2"},
				"up": {"uv": [0, 0, 1, 1], "texture": "#2"},
				"down": {"uv": [0, 0, 1, 1], "texture": "#2"}
			}
		},
		{
			"from": [7, 2, 14],
			"to": [8, 3, 15],
			"rotation": {"angle": 0, "axis": "y", "origin": [15, 10, 22]},
			"faces": {
				"north": {"uv": [0, 0, 1, 1], "texture": "#2"},
				"east": {"uv": [0, 0, 1, 1], "texture": "#2"},
				"south": {"uv": [0, 0, 1, 1], "texture": "#2"},
				"west": {"uv": [0, 0, 1, 1], "texture": "#2"},
				"up": {"uv": [0, 0, 1, 1], "texture": "#2"},
				"down": {"uv": [0, 0, 1, 1], "texture": "#2"}
			}
		},
		{
			"from": [6, 3, 13],
			"to": [8, 4, 14],
			"rotation": {"angle": 0, "axis": "y", "origin": [14, 11, 21]},
			"faces": {
				"north": {"uv": [0, 0, 2, 1], "texture": "#2"},
				"east": {"uv": [0, 0, 1, 1], "texture": "#2"},
				"south": {"uv": [0, 0, 2, 1], "texture": "#2"},
				"west": {"uv": [0, 0, 1, 1], "texture": "#2"},
				"up": {"uv": [0, 0, 2, 1], "texture": "#2"},
				"down": {"uv": [0, 0, 2, 1], "texture": "#2"}
			}
		},
		{
			"from": [8, 3, 11],
			"to": [10, 4, 13],
			"rotation": {"angle": 0, "axis": "y", "origin": [16, 11, 20]},
			"faces": {
				"north": {"uv": [0, 0, 2, 1], "texture": "#2"},
				"east": {"uv": [0, 0, 2, 1], "texture": "#2"},
				"south": {"uv": [0, 0, 2, 1], "texture": "#2"},
				"west": {"uv": [0, 0, 2, 1], "texture": "#2"},
				"up": {"uv": [0, 0, 2, 2], "texture": "#2"},
				"down": {"uv": [0, 0, 2, 2], "texture": "#2"}
			}
		},
		{
			"from": [6, 4, 10],
			"to": [9, 5, 13],
			"rotation": {"angle": 0, "axis": "y", "origin": [14, 12, 18]},
			"faces": {
				"north": {"uv": [0, 0, 3, 1], "texture": "#4"},
				"east": {"uv": [0, 0, 3, 1], "texture": "#4"},
				"south": {"uv": [0, 0, 3, 1], "texture": "#4"},
				"west": {"uv": [0, 0, 3, 1], "texture": "#4"},
				"up": {"uv": [0, 0, 3, 3], "texture": "#4"},
				"down": {"uv": [0, 0, 3, 3], "texture": "#4"}
			}
		},
		{
			"from": [7, 5, 9],
			"to": [8, 6, 13],
			"rotation": {"angle": 0, "axis": "y", "origin": [14, 13, 18]},
			"faces": {
				"north": {"uv": [0, 0, 1, 1], "texture": "#4"},
				"east": {"uv": [0, 0, 4, 1], "texture": "#4"},
				"south": {"uv": [0, 0, 1, 1], "texture": "#4"},
				"west": {"uv": [0, 0, 4, 1], "texture": "#4"},
				"up": {"uv": [0, 0, 1, 4], "texture": "#4"},
				"down": {"uv": [0, 0, 1, 4], "texture": "#4"}
			}
		},
		{
			"from": [6, 6, 10],
			"to": [9, 7, 11],
			"rotation": {"angle": 0, "axis": "y", "origin": [14, 14, 18]},
			"faces": {
				"north": {"uv": [0, 0, 3, 1], "texture": "#4"},
				"east": {"uv": [0, 0, 1, 1], "texture": "#4"},
				"south": {"uv": [0, 0, 3, 1], "texture": "#4"},
				"west": {"uv": [0, 0, 1, 1], "texture": "#4"},
				"up": {"uv": [0, 0, 3, 1], "texture": "#4"},
				"down": {"uv": [0, 0, 3, 1], "texture": "#4"}
			}
		},
		{
			"from": [6, 6, 11],
			"to": [9, 7, 13],
			"rotation": {"angle": 0, "axis": "y", "origin": [14, 14, 19]},
			"faces": {
				"north": {"uv": [0, 0, 3, 1], "texture": "#3"},
				"east": {"uv": [0, 0, 2, 1], "texture": "#3"},
				"south": {"uv": [0, 0, 3, 1], "texture": "#3"},
				"west": {"uv": [0, 0, 2, 1], "texture": "#3"},
				"up": {"uv": [0, 0, 3, 2], "texture": "#3"},
				"down": {"uv": [0, 0, 3, 2], "texture": "#3"}
			}
		},
		{
			"from": [6, 5, 11],
			"to": [7, 6, 13],
			"rotation": {"angle": 0, "axis": "y", "origin": [13, 13, 18]},
			"faces": {
				"north": {"uv": [0, 0, 1, 1], "texture": "#4"},
				"east": {"uv": [0, 0, 2, 1], "texture": "#4"},
				"south": {"uv": [0, 0, 1, 1], "texture": "#4"},
				"west": {"uv": [0, 0, 2, 1], "texture": "#4"},
				"up": {"uv": [0, 0, 1, 2], "texture": "#4"},
				"down": {"uv": [0, 0, 1, 2], "texture": "#4"}
			}
		},
		{
			"from": [8, 5, 11],
			"to": [9, 6, 13],
			"rotation": {"angle": 0, "axis": "y", "origin": [15, 13, 18]},
			"faces": {
				"north": {"uv": [0, 0, 1, 1], "texture": "#4"},
				"east": {"uv": [0, 0, 2, 1], "texture": "#4"},
				"south": {"uv": [0, 0, 1, 1], "texture": "#4"},
				"west": {"uv": [0, 0, 2, 1], "texture": "#4"},
				"up": {"uv": [0, 0, 1, 2], "texture": "#4"},
				"down": {"uv": [0, 0, 1, 2], "texture": "#4"}
			}
		},
		{
			"from": [5, -2, 15],
			"to": [6, 0, 16],
			"rotation": {"angle": 45, "axis": "x", "origin": [13, 6, 23]},
			"faces": {
				"north": {"uv": [0, 0, 1, 2], "texture": "#4"},
				"east": {"uv": [0, 0, 1, 2], "texture": "#4"},
				"south": {"uv": [0, 0, 1, 2], "texture": "#4"},
				"west": {"uv": [0, 0, 1, 2], "texture": "#4"},
				"up": {"uv": [0, 0, 1, 1], "texture": "#4"},
				"down": {"uv": [0, 0, 1, 1], "texture": "#4"}
			}
		},
		{
			"from": [9, -2, 15],
			"to": [10, 0, 16],
			"rotation": {"angle": 45, "axis": "x", "origin": [17, 6, 23]},
			"faces": {
				"north": {"uv": [0, 0, 1, 2], "texture": "#4"},
				"east": {"uv": [0, 0, 1, 2], "texture": "#4"},
				"south": {"uv": [0, 0, 1, 2], "texture": "#4"},
				"west": {"uv": [0, 0, 1, 2], "texture": "#4"},
				"up": {"uv": [0, 0, 1, 1], "texture": "#4"},
				"down": {"uv": [0, 0, 1, 1], "texture": "#4"}
			}
		},
		{
			"from": [6, 7, 10],
			"to": [9, 8, 13],
			"rotation": {"angle": 0, "axis": "y", "origin": [14, 15, 18]},
			"faces": {
				"north": {"uv": [0, 0, 3, 1], "texture": "#2"},
				"east": {"uv": [0, 0, 3, 1], "texture": "#2"},
				"south": {"uv": [0, 0, 3, 1], "texture": "#2"},
				"west": {"uv": [0, 0, 3, 1], "texture": "#2"},
				"up": {"uv": [0, 0, 3, 3], "texture": "#2"},
				"down": {"uv": [0, 0, 3, 3], "texture": "#2"}
			}
		},
		{
			"from": [6, 8, 10],
			"to": [9, 9, 13],
			"rotation": {"angle": 0, "axis": "y", "origin": [14, 16, 18]},
			"faces": {
				"north": {"uv": [0, 0, 3, 1], "texture": "#0"},
				"east": {"uv": [0, 0, 3, 1], "texture": "#0"},
				"south": {"uv": [0, 0, 3, 1], "texture": "#0"},
				"west": {"uv": [0, 0, 3, 1], "texture": "#0"},
				"up": {"uv": [0, 0, 3, 3], "texture": "#0"},
				"down": {"uv": [0, 0, 3, 3], "texture": "#0"}
			}
		},
		{
			"from": [6, 9, 11],
			"to": [9, 10, 13],
			"rotation": {"angle": 0, "axis": "y", "origin": [14, 17, 18]},
			"faces": {
				"north": {"uv": [0, 0, 3, 1], "texture": "#0"},
				"east": {"uv": [0, 0, 2, 1], "texture": "#0"},
				"south": {"uv": [0, 0, 3, 1], "texture": "#0"},
				"west": {"uv": [0, 0, 2, 1], "texture": "#0"},
				"up": {"uv": [0, 0, 3, 2], "texture": "#0"},
				"down": {"uv": [0, 0, 3, 2], "texture": "#0"}
			}
		},
		{
			"from": [6, 9, 13],
			"to": [7, 10, 14],
			"rotation": {"angle": 0, "axis": "y", "origin": [14, 17, 19]},
			"faces": {
				"north": {"uv": [0, 0, 1, 1], "texture": "#0"},
				"east": {"uv": [0, 0, 1, 1], "texture": "#0"},
				"south": {"uv": [0, 0, 1, 1], "texture": "#0"},
				"west": {"uv": [0, 0, 1, 1], "texture": "#0"},
				"up": {"uv": [0, 0, 1, 1], "texture": "#0"},
				"down": {"uv": [0, 0, 1, 1], "texture": "#0"}
			}
		},
		{
			"from": [6, 10, 12],
			"to": [7, 11, 14],
			"rotation": {"angle": 0, "axis": "y", "origin": [14, 18, 19]},
			"faces": {
				"north": {"uv": [0, 0, 1, 1], "texture": "#0"},
				"east": {"uv": [0, 0, 2, 1], "texture": "#0"},
				"south": {"uv": [0, 0, 1, 1], "texture": "#0"},
				"west": {"uv": [0, 0, 2, 1], "texture": "#0"},
				"up": {"uv": [0, 0, 1, 2], "texture": "#0"},
				"down": {"uv": [0, 0, 1, 2], "texture": "#0"}
			}
		},
		{
			"from": [7, 10, 11],
			"to": [8, 11, 13],
			"rotation": {"angle": 0, "axis": "y", "origin": [15, 18, 18]},
			"faces": {
				"north": {"uv": [0, 0, 1, 1], "texture": "#0"},
				"east": {"uv": [0, 0, 2, 1], "texture": "#0"},
				"south": {"uv": [0, 0, 1, 1], "texture": "#0"},
				"west": {"uv": [0, 0, 2, 1], "texture": "#0"},
				"up": {"uv": [0, 0, 1, 2], "texture": "#0"},
				"down": {"uv": [0, 0, 1, 2], "texture": "#0"}
			}
		},
		{
			"from": [7, 8, 13],
			"to": [8, 9, 16],
			"rotation": {"angle": 0, "axis": "y", "origin": [15, 16, 21]},
			"faces": {
				"north": {"uv": [0, 0, 1, 1], "texture": "#0"},
				"east": {"uv": [0, 0, 3, 1], "texture": "#0"},
				"south": {"uv": [0, 0, 1, 1], "texture": "#0"},
				"west": {"uv": [0, 0, 3, 1], "texture": "#0"},
				"up": {"uv": [0, 0, 1, 3], "texture": "#0"},
				"down": {"uv": [0, 0, 1, 3], "texture": "#0"}
			}
		},
		{
			"from": [7, 7, 15],
			"to": [8, 8, 16],
			"rotation": {"angle": 0, "axis": "y", "origin": [15, 15, 21]},
			"faces": {
				"north": {"uv": [0, 0, 1, 1], "texture": "#0"},
				"east": {"uv": [0, 0, 1, 1], "texture": "#0"},
				"south": {"uv": [0, 0, 1, 1], "texture": "#0"},
				"west": {"uv": [0, 0, 1, 1], "texture": "#0"},
				"up": {"uv": [0, 0, 1, 1], "texture": "#0"},
				"down": {"uv": [0, 0, 1, 1], "texture": "#0"}
			}
		},
		{
			"from": [6, 6, 15],
			"to": [9, 7, 16],
			"rotation": {"angle": 0, "axis": "y", "origin": [15, 14, 21]},
			"faces": {
				"north": {"uv": [0, 0, 3, 1], "texture": "#1"},
				"east": {"uv": [0, 0, 1, 1], "texture": "#1"},
				"south": {"uv": [0, 0, 3, 1], "texture": "#1"},
				"west": {"uv": [0, 0, 1, 1], "texture": "#1"},
				"up": {"uv": [0, 0, 3, 1], "texture": "#1"},
				"down": {"uv": [0, 0, 3, 1], "texture": "#1"}
			}
		},
		{
			"from": [7, 6, 16],
			"to": [8, 7, 17],
			"rotation": {"angle": 0, "axis": "y", "origin": [15, 14, 22]},
			"faces": {
				"north": {"uv": [0, 0, 1, 1], "texture": "#1"},
				"east": {"uv": [0, 0, 1, 1], "texture": "#1"},
				"south": {"uv": [0, 0, 1, 1], "texture": "#1"},
				"west": {"uv": [0, 0, 1, 1], "texture": "#1"},
				"up": {"uv": [0, 0, 1, 1], "texture": "#1"},
				"down": {"uv": [0, 0, 1, 1], "texture": "#1"}
			}
		},
		{
			"from": [7, 5, 15],
			"to": [8, 6, 16],
			"rotation": {"angle": 0, "axis": "y", "origin": [15, 13, 21]},
			"faces": {
				"north": {"uv": [0, 0, 1, 1], "texture": "#1"},
				"east": {"uv": [0, 0, 1, 1], "texture": "#1"},
				"south": {"uv": [0, 0, 1, 1], "texture": "#1"},
				"west": {"uv": [0, 0, 1, 1], "texture": "#1"},
				"up": {"uv": [0, 0, 1, 1], "texture": "#1"},
				"down": {"uv": [0, 0, 1, 1], "texture": "#1"}
			}
		},
		{
			"from": [7, 6, 14],
			"to": [8, 7, 15],
			"rotation": {"angle": 0, "axis": "y", "origin": [15, 14, 20]},
			"faces": {
				"north": {"uv": [0, 0, 1, 1], "texture": "#1"},
				"east": {"uv": [0, 0, 1, 1], "texture": "#1"},
				"south": {"uv": [0, 0, 1, 1], "texture": "#1"},
				"west": {"uv": [0, 0, 1, 1], "texture": "#1"},
				"up": {"uv": [0, 0, 1, 1], "texture": "#1"},
				"down": {"uv": [0, 0, 1, 1], "texture": "#1"}
			}
		},
		{
			"from": [7, 9, 13],
			"to": [8, 11, 15],
			"rotation": {"angle": 0, "axis": "y", "origin": [15, 17, 21]},
			"faces": {
				"north": {"uv": [0, 0, 1, 2], "texture": "#0"},
				"east": {"uv": [0, 0, 2, 2], "texture": "#0"},
				"south": {"uv": [0, 0, 1, 2], "texture": "#0"},
				"west": {"uv": [0, 0, 2, 2], "texture": "#0"},
				"up": {"uv": [0, 0, 1, 2], "texture": "#0"},
				"down": {"uv": [0, 0, 1, 2], "texture": "#0"}
			}
		},
		{
			"from": [6, 5, 10.5],
			"to": [7, 6, 11],
			"rotation": {"angle": 0, "axis": "y", "origin": [14, 13, 18]},
			"faces": {
				"north": {"uv": [0, 0, 1, 1], "texture": "#5"},
				"east": {"uv": [0, 0, 0.5, 1], "texture": "#5"},
				"south": {"uv": [0, 0, 1, 1], "texture": "#5"},
				"west": {"uv": [0, 0, 0.5, 1], "texture": "#5"},
				"up": {"uv": [0, 0, 1, 0.5], "texture": "#5"},
				"down": {"uv": [0, 0, 1, 0.5], "texture": "#5"}
			}
		},
		{
			"from": [6.25, 5, 10.4],
			"to": [6.75, 6, 10.5],
			"rotation": {"angle": 0, "axis": "y", "origin": [14, 13, 19]},
			"faces": {
				"north": {"uv": [0, 0, 0.5, 1], "texture": "#6"},
				"east": {"uv": [0, 0, 0.1, 1], "texture": "#6"},
				"south": {"uv": [0, 0, 0.5, 1], "texture": "#6"},
				"west": {"uv": [0, 0, 0.1, 1], "texture": "#6"},
				"up": {"uv": [0, 0, 0.5, 0.1], "texture": "#6"},
				"down": {"uv": [0, 0, 0.5, 0.1], "texture": "#6"}
			}
		},
		{
			"from": [8.25, 5, 10.4],
			"to": [8.75, 6, 10.5],
			"rotation": {"angle": 0, "axis": "y", "origin": [16, 13, 19]},
			"faces": {
				"north": {"uv": [0, 0, 0.5, 1], "texture": "#6"},
				"east": {"uv": [0, 0, 0.1, 1], "texture": "#6"},
				"south": {"uv": [0, 0, 0.5, 1], "texture": "#6"},
				"west": {"uv": [0, 0, 0.1, 1], "texture": "#6"},
				"up": {"uv": [0, 0, 0.5, 0.1], "texture": "#6"},
				"down": {"uv": [0, 0, 0.5, 0.1], "texture": "#6"}
			}
		},
		{
			"from": [8, 5, 10.5],
			"to": [9, 6, 11],
			"rotation": {"angle": 0, "axis": "y", "origin": [16, 13, 18]},
			"faces": {
				"north": {"uv": [0, 0, 1, 1], "texture": "#5"},
				"east": {"uv": [0, 0, 0.5, 1], "texture": "#5"},
				"south": {"uv": [0, 0, 1, 1], "texture": "#5"},
				"west": {"uv": [0, 0, 0.5, 1], "texture": "#5"},
				"up": {"uv": [0, 0, 1, 0.5], "texture": "#5"},
				"down": {"uv": [0, 0, 1, 0.5], "texture": "#5"}
			}
		},
		{
			"from": [5, 5, 6],
			"to": [7, 6, 7],
			"rotation": {"angle": 0, "axis": "x", "origin": [13, 13, 14]},
			"faces": {
				"north": {"uv": [0, 0, 2, 1], "texture": "#8"},
				"east": {"uv": [0, 0, 1, 1], "texture": "#8"},
				"south": {"uv": [0, 0, 2, 1], "texture": "#8"},
				"west": {"uv": [0, 0, 1, 1], "texture": "#8"},
				"up": {"uv": [0, 0, 2, 1], "texture": "#8"},
				"down": {"uv": [0, 0, 2, 1], "texture": "#8"}
			}
		},
		{
			"from": [8, 5, 6],
			"to": [10, 6, 7],
			"rotation": {"angle": 0, "axis": "x", "origin": [16, 13, 14]},
			"faces": {
				"north": {"uv": [0, 0, 2, 1], "texture": "#8"},
				"east": {"uv": [0, 0, 1, 1], "texture": "#8"},
				"south": {"uv": [0, 0, 2, 1], "texture": "#8"},
				"west": {"uv": [0, 0, 1, 1], "texture": "#8"},
				"up": {"uv": [0, 0, 2, 1], "texture": "#8"},
				"down": {"uv": [0, 0, 2, 1], "texture": "#8"}
			}
		},
		{
			"from": [6, 4, 6],
			"to": [9, 5, 7],
			"rotation": {"angle": 0, "axis": "x", "origin": [15, 12, 14]},
			"faces": {
				"north": {"uv": [0, 0, 3, 1], "texture": "#8"},
				"east": {"uv": [0, 0, 1, 1], "texture": "#8"},
				"south": {"uv": [0, 0, 3, 1], "texture": "#8"},
				"west": {"uv": [0, 0, 1, 1], "texture": "#8"},
				"up": {"uv": [0, 0, 3, 1], "texture": "#8"},
				"down": {"uv": [0, 0, 3, 1], "texture": "#8"}
			}
		},
		{
			"from": [8, 0, 6],
			"to": [10, 4, 7],
			"rotation": {"angle": 0, "axis": "x", "origin": [16, 8, 14]},
			"faces": {
				"north": {"uv": [0, 0, 2, 4], "texture": "#8"},
				"east": {"uv": [0, 0, 1, 4], "texture": "#8"},
				"south": {"uv": [0, 0, 2, 4], "texture": "#8"},
				"west": {"uv": [0, 0, 1, 4], "texture": "#8"},
				"up": {"uv": [0, 0, 2, 1], "texture": "#8"},
				"down": {"uv": [0, 0, 2, 1], "texture": "#8"}
			}
		},
		{
			"from": [5, 0, 6],
			"to": [7, 4, 7],
			"rotation": {"angle": 0, "axis": "x", "origin": [13, 8, 14]},
			"faces": {
				"north": {"uv": [0, 0, 2, 4], "texture": "#8"},
				"east": {"uv": [0, 0, 1, 4], "texture": "#8"},
				"south": {"uv": [0, 0, 2, 4], "texture": "#8"},
				"west": {"uv": [0, 0, 1, 4], "texture": "#8"},
				"up": {"uv": [0, 0, 2, 1], "texture": "#8"},
				"down": {"uv": [0, 0, 2, 1], "texture": "#8"}
			}
		},
		{
			"from": [7, 0, 4],
			"to": [8, 4, 9],
			"rotation": {"angle": 0, "axis": "x", "origin": [15, 11, 12]},
			"faces": {
				"north": {"uv": [0, 0, 1, 4], "texture": "#8"},
				"east": {"uv": [0, 0, 5, 4], "texture": "#8"},
				"south": {"uv": [0, 0, 1, 4], "texture": "#8"},
				"west": {"uv": [0, 0, 5, 4], "texture": "#8"},
				"up": {"uv": [0, 0, 1, 5], "texture": "#8"},
				"down": {"uv": [0, 0, 1, 5], "texture": "#8"}
			}
		},
		{
			"from": [8, 0, 4],
			"to": [9, 4, 5],
			"rotation": {"angle": 0, "axis": "x", "origin": [16, 11, 12]},
			"faces": {
				"north": {"uv": [0, 0, 1, 4], "texture": "#7"},
				"east": {"uv": [0, 0, 1, 4], "texture": "#7"},
				"south": {"uv": [0, 0, 1, 4], "texture": "#7"},
				"west": {"uv": [0, 0, 1, 4], "texture": "#7"},
				"up": {"uv": [0, 0, 1, 1], "texture": "#7"},
				"down": {"uv": [0, 0, 1, 1], "texture": "#7"}
			}
		},
		{
			"from": [6, 0, 4],
			"to": [7, 4, 5],
			"rotation": {"angle": 0, "axis": "x", "origin": [14, 11, 12]},
			"faces": {
				"north": {"uv": [0, 0, 1, 4], "texture": "#7"},
				"east": {"uv": [0, 0, 1, 4], "texture": "#7"},
				"south": {"uv": [0, 0, 1, 4], "texture": "#7"},
				"west": {"uv": [0, 0, 1, 4], "texture": "#7"},
				"up": {"uv": [0, 0, 1, 1], "texture": "#7"},
				"down": {"uv": [0, 0, 1, 1], "texture": "#7"}
			}
		},
		{
			"from": [6, 0, 8],
			"to": [7, 4, 9],
			"rotation": {"angle": 0, "axis": "x", "origin": [14, 11, 16]},
			"faces": {
				"north": {"uv": [0, 0, 1, 4], "texture": "#7"},
				"east": {"uv": [0, 0, 1, 4], "texture": "#7"},
				"south": {"uv": [0, 0, 1, 4], "texture": "#7"},
				"west": {"uv": [0, 0, 1, 4], "texture": "#7"},
				"up": {"uv": [0, 0, 1, 1], "texture": "#7"},
				"down": {"uv": [0, 0, 1, 1], "texture": "#7"}
			}
		},
		{
			"from": [8, 0, 8],
			"to": [9, 4, 9],
			"rotation": {"angle": 0, "axis": "x", "origin": [16, 11, 16]},
			"faces": {
				"north": {"uv": [0, 0, 1, 4], "texture": "#7"},
				"east": {"uv": [0, 0, 1, 4], "texture": "#7"},
				"south": {"uv": [0, 0, 1, 4], "texture": "#7"},
				"west": {"uv": [0, 0, 1, 4], "texture": "#7"},
				"up": {"uv": [0, 0, 1, 1], "texture": "#7"},
				"down": {"uv": [0, 0, 1, 1], "texture": "#7"}
			}
		},
		{
			"from": [8, 0, 7],
			"to": [10, 4, 8],
			"rotation": {"angle": 0, "axis": "x", "origin": [16, 11, 15]},
			"faces": {
				"north": {"uv": [0, 0, 2, 4], "texture": "#7"},
				"east": {"uv": [0, 0, 1, 4], "texture": "#7"},
				"south": {"uv": [0, 0, 2, 4], "texture": "#7"},
				"west": {"uv": [0, 0, 1, 4], "texture": "#7"},
				"up": {"uv": [0, 0, 2, 1], "texture": "#7"},
				"down": {"uv": [0, 0, 2, 1], "texture": "#7"}
			}
		},
		{
			"from": [5, 0, 5],
			"to": [7, 4, 6],
			"rotation": {"angle": 0, "axis": "x", "origin": [13, 11, 13]},
			"faces": {
				"north": {"uv": [0, 0, 2, 4], "texture": "#7"},
				"east": {"uv": [0, 0, 1, 4], "texture": "#7"},
				"south": {"uv": [0, 0, 2, 4], "texture": "#7"},
				"west": {"uv": [0, 0, 1, 4], "texture": "#7"},
				"up": {"uv": [0, 0, 2, 1], "texture": "#7"},
				"down": {"uv": [0, 0, 2, 1], "texture": "#7"}
			}
		},
		{
			"from": [5, 0, 7],
			"to": [7, 4, 8],
			"rotation": {"angle": 0, "axis": "x", "origin": [13, 11, 15]},
			"faces": {
				"north": {"uv": [0, 0, 2, 4], "texture": "#7"},
				"east": {"uv": [0, 0, 1, 4], "texture": "#7"},
				"south": {"uv": [0, 0, 2, 4], "texture": "#7"},
				"west": {"uv": [0, 0, 1, 4], "texture": "#7"},
				"up": {"uv": [0, 0, 2, 1], "texture": "#7"},
				"down": {"uv": [0, 0, 2, 1], "texture": "#7"}
			}
		},
		{
			"from": [10, 3, 8],
			"to": [11, 4, 13],
			"rotation": {"angle": 0, "axis": "x", "origin": [18, 11, 20]},
			"faces": {
				"north": {"uv": [0, 0, 1, 1], "texture": "#0"},
				"east": {"uv": [0, 0, 5, 1], "texture": "#0"},
				"south": {"uv": [0, 0, 1, 1], "texture": "#0"},
				"west": {"uv": [0, 0, 5, 1], "texture": "#0"},
				"up": {"uv": [0, 0, 1, 5], "texture": "#0"},
				"down": {"uv": [0, 0, 1, 5], "texture": "#0"}
			}
		},
		{
			"from": [4, 3, 8],
			"to": [5, 4, 13],
			"rotation": {"angle": 0, "axis": "x", "origin": [12, 11, 20]},
			"faces": {
				"north": {"uv": [0, 0, 1, 1], "texture": "#0"},
				"east": {"uv": [0, 0, 5, 1], "texture": "#0"},
				"south": {"uv": [0, 0, 1, 1], "texture": "#0"},
				"west": {"uv": [0, 0, 5, 1], "texture": "#0"},
				"up": {"uv": [0, 0, 1, 5], "texture": "#0"},
				"down": {"uv": [0, 0, 1, 5], "texture": "#0"}
			}
		},
		{
			"from": [10, 3, 7],
			"to": [11, 4, 8],
			"rotation": {"angle": 0, "axis": "x", "origin": [18, 11, 15]},
			"faces": {
				"north": {"uv": [0, 0, 1, 1], "texture": "#4"},
				"east": {"uv": [0, 0, 1, 1], "texture": "#4"},
				"south": {"uv": [0, 0, 1, 1], "texture": "#4"},
				"west": {"uv": [0, 0, 1, 1], "texture": "#4"},
				"up": {"uv": [0, 0, 1, 1], "texture": "#4"},
				"down": {"uv": [0, 0, 1, 1], "texture": "#4"}
			}
		},
		{
			"from": [8, 0, 5],
			"to": [10, 4, 6],
			"rotation": {"angle": 0, "axis": "x", "origin": [16, 11, 13]},
			"faces": {
				"north": {"uv": [0, 0, 2, 4], "texture": "#7"},
				"east": {"uv": [0, 0, 1, 4], "texture": "#7"},
				"south": {"uv": [0, 0, 2, 4], "texture": "#7"},
				"west": {"uv": [0, 0, 1, 4], "texture": "#7"},
				"up": {"uv": [0, 0, 2, 1], "texture": "#7"},
				"down": {"uv": [0, 0, 2, 1], "texture": "#7"}
			}
		},
		{
			"from": [4, 3, 7],
			"to": [5, 4, 8],
			"rotation": {"angle": 0, "axis": "x", "origin": [12, 11, 15]},
			"faces": {
				"north": {"uv": [0, 0, 1, 1], "texture": "#4"},
				"east": {"uv": [0, 0, 1, 1], "texture": "#4"},
				"south": {"uv": [0, 0, 1, 1], "texture": "#4"},
				"west": {"uv": [0, 0, 1, 1], "texture": "#4"},
				"up": {"uv": [0, 0, 1, 1], "texture": "#4"},
				"down": {"uv": [0, 0, 1, 1], "texture": "#4"}
			}
		}
	],
	"display": {
		"head": {
			"rotation": [38, 0, 0],
			"translation": [1.25, -24.25, 14.5],
			"scale": [2.46, 2.44, 2.46]
		}
	},
	"groups": [0, 1, 2, 3, 4, 5, 6, 7, 8, 9, 10, 11, 12, 13, 14, 15, 16, 17, 18, 19, 20, 21, 22, 23, 24, 25, 26, 27, 28, 29, 30, 31, 32, 33, 34, 35, 36, 37, 38, 39, 40, 41, 42, 43, 44, 45, 46,
		{
			"name": "gift",
			"origin": [12, 11, 20],
			"children": [47, 48, 49, 50, 51, 52, 53, 54, 55, 56, 57, 58, 59, 60, 61, 62, 63, 64]
		}
	]
}