{
	"credit": "Made with Blockbench",
	"textures": {
		"7": "block/light_blue_wool",
		"8": "block/yellow_wool",
		"particle": "block/white_concrete"
	},
	"elements": [
		{
			"from": [5, 0, 7],
			"to": [7, 4, 8],
			"rotation": {"angle": 0, "axis": "y", "origin": [13, 11, 15]},
			"faces": {
				"north": {"uv": [0, 0, 2, 4], "texture": "#7"},
				"east": {"uv": [0, 0, 1, 4], "texture": "#7"},
				"south": {"uv": [0, 0, 2, 4], "texture": "#7"},
				"west": {"uv": [0, 0, 1, 4], "texture": "#7"},
				"up": {"uv": [0, 0, 2, 1], "texture": "#7"},
				"down": {"uv": [0, 0, 2, 1], "texture": "#7"}
			}
		},
		{
			"from": [5, 0, 5],
			"to": [7, 4, 6],
			"rotation": {"angle": 0, "axis": "y", "origin": [13, 11, 13]},
			"faces": {
				"north": {"uv": [0, 0, 2, 4], "texture": "#7"},
				"east": {"uv": [0, 0, 1, 4], "texture": "#7"},
				"south": {"uv": [0, 0, 2, 4], "texture": "#7"},
				"west": {"uv": [0, 0, 1, 4], "texture": "#7"},
				"up": {"uv": [0, 0, 2, 1], "texture": "#7"},
				"down": {"uv": [0, 0, 2, 1], "texture": "#7"}
			}
		},
		{
			"from": [8, 0, 5],
			"to": [10, 4, 6],
			"rotation": {"angle": 0, "axis": "y", "origin": [16, 11, 13]},
			"faces": {
				"north": {"uv": [0, 0, 2, 4], "texture": "#7"},
				"east": {"uv": [0, 0, 1, 4], "texture": "#7"},
				"south": {"uv": [0, 0, 2, 4], "texture": "#7"},
				"west": {"uv": [0, 0, 1, 4], "texture": "#7"},
				"up": {"uv": [0, 0, 2, 1], "texture": "#7"},
				"down": {"uv": [0, 0, 2, 1], "texture": "#7"}
			}
		},
		{
			"from": [8, 0, 7],
			"to": [10, 4, 8],
			"rotation": {"angle": 0, "axis": "y", "origin": [16, 11, 15]},
			"faces": {
				"north": {"uv": [0, 0, 2, 4], "texture": "#7"},
				"east": {"uv": [0, 0, 1, 4], "texture": "#7"},
				"south": {"uv": [0, 0, 2, 4], "texture": "#7"},
				"west": {"uv": [0, 0, 1, 4], "texture": "#7"},
				"up": {"uv": [0, 0, 2, 1], "texture": "#7"},
				"down": {"uv": [0, 0, 2, 1], "texture": "#7"}
			}
		},
		{
			"from": [8, 0, 8],
			"to": [9, 4, 9],
			"rotation": {"angle": 0, "axis": "y", "origin": [16, 11, 16]},
			"faces": {
				"north": {"uv": [0, 0, 1, 4], "texture": "#7"},
				"east": {"uv": [0, 0, 1, 4], "texture": "#7"},
				"south": {"uv": [0, 0, 1, 4], "texture": "#7"},
				"west": {"uv": [0, 0, 1, 4], "texture": "#7"},
				"up": {"uv": [0, 0, 1, 1], "texture": "#7"},
				"down": {"uv": [0, 0, 1, 1], "texture": "#7"}
			}
		},
		{
			"from": [6, 0, 8],
			"to": [7, 4, 9],
			"rotation": {"angle": 0, "axis": "y", "origin": [14, 11, 16]},
			"faces": {
				"north": {"uv": [0, 0, 1, 4], "texture": "#7"},
				"east": {"uv": [0, 0, 1, 4], "texture": "#7"},
				"south": {"uv": [0, 0, 1, 4], "texture": "#7"},
				"west": {"uv": [0, 0, 1, 4], "texture": "#7"},
				"up": {"uv": [0, 0, 1, 1], "texture": "#7"},
				"down": {"uv": [0, 0, 1, 1], "texture": "#7"}
			}
		},
		{
			"from": [6, 0, 4],
			"to": [7, 4, 5],
			"rotation": {"angle": 0, "axis": "y", "origin": [14, 11, 12]},
			"faces": {
				"north": {"uv": [0, 0, 1, 4], "texture": "#7"},
				"east": {"uv": [0, 0, 1, 4], "texture": "#7"},
				"south": {"uv": [0, 0, 1, 4], "texture": "#7"},
				"west": {"uv": [0, 0, 1, 4], "texture": "#7"},
				"up": {"uv": [0, 0, 1, 1], "texture": "#7"},
				"down": {"uv": [0, 0, 1, 1], "texture": "#7"}
			}
		},
		{
			"from": [8, 0, 4],
			"to": [9, 4, 5],
			"rotation": {"angle": 0, "axis": "y", "origin": [16, 11, 12]},
			"faces": {
				"north": {"uv": [0, 0, 1, 4], "texture": "#7"},
				"east": {"uv": [0, 0, 1, 4], "texture": "#7"},
				"south": {"uv": [0, 0, 1, 4], "texture": "#7"},
				"west": {"uv": [0, 0, 1, 4], "texture": "#7"},
				"up": {"uv": [0, 0, 1, 1], "texture": "#7"},
				"down": {"uv": [0, 0, 1, 1], "texture": "#7"}
			}
		},
		{
			"from": [7, 0, 4],
			"to": [8, 4, 9],
			"rotation": {"angle": 0, "axis": "y", "origin": [15, 11, 12]},
			"faces": {
				"north": {"uv": [0, 0, 1, 4], "texture": "#8"},
				"east": {"uv": [0, 0, 5, 4], "texture": "#8"},
				"south": {"uv": [0, 0, 1, 4], "texture": "#8"},
				"west": {"uv": [0, 0, 5, 4], "texture": "#8"},
				"up": {"uv": [0, 0, 1, 5], "texture": "#8"},
				"down": {"uv": [0, 0, 1, 5], "texture": "#8"}
			}
		},
		{
			"from": [5, 0, 6],
			"to": [7, 4, 7],
			"rotation": {"angle": 0, "axis": "y", "origin": [13, 8, 14]},
			"faces": {
				"north": {"uv": [0, 0, 2, 4], "texture": "#8"},
				"east": {"uv": [0, 0, 1, 4], "texture": "#8"},
				"south": {"uv": [0, 0, 2, 4], "texture": "#8"},
				"west": {"uv": [0, 0, 1, 4], "texture": "#8"},
				"up": {"uv": [0, 0, 2, 1], "texture": "#8"},
				"down": {"uv": [0, 0, 2, 1], "texture": "#8"}
			}
		},
		{
			"from": [8, 0, 6],
			"to": [10, 4, 7],
			"rotation": {"angle": 0, "axis": "y", "origin": [16, 8, 14]},
			"faces": {
				"north": {"uv": [0, 0, 2, 4], "texture": "#8"},
				"east": {"uv": [0, 0, 1, 4], "texture": "#8"},
				"south": {"uv": [0, 0, 2, 4], "texture": "#8"},
				"west": {"uv": [0, 0, 1, 4], "texture": "#8"},
				"up": {"uv": [0, 0, 2, 1], "texture": "#8"},
				"down": {"uv": [0, 0, 2, 1], "texture": "#8"}
			}
		},
		{
			"from": [6, 4, 6],
			"to": [9, 5, 7],
			"rotation": {"angle": 0, "axis": "y", "origin": [15, 12, 14]},
			"faces": {
				"north": {"uv": [0, 0, 3, 1], "texture": "#8"},
				"east": {"uv": [0, 0, 1, 1], "texture": "#8"},
				"south": {"uv": [0, 0, 3, 1], "texture": "#8"},
				"west": {"uv": [0, 0, 1, 1], "texture": "#8"},
				"up": {"uv": [0, 0, 3, 1], "texture": "#8"},
				"down": {"uv": [0, 0, 3, 1], "texture": "#8"}
			}
		},
		{
			"from": [8, 5, 6],
			"to": [10, 6, 7],
			"rotation": {"angle": 0, "axis": "y", "origin": [16, 13, 14]},
			"faces": {
				"north": {"uv": [0, 0, 2, 1], "texture": "#8"},
				"east": {"uv": [0, 0, 1, 1], "texture": "#8"},
				"south": {"uv": [0, 0, 2, 1], "texture": "#8"},
				"west": {"uv": [0, 0, 1, 1], "texture": "#8"},
				"up": {"uv": [0, 0, 2, 1], "texture": "#8"},
				"down": {"uv": [0, 0, 2, 1], "texture": "#8"}
			}
		},
		{
			"from": [5, 5, 6],
			"to": [7, 6, 7],
			"rotation": {"angle": 0, "axis": "y", "origin": [13, 13, 14]},
			"faces": {
				"north": {"uv": [0, 0, 2, 1], "texture": "#8"},
				"east": {"uv": [0, 0, 1, 1], "texture": "#8"},
				"south": {"uv": [0, 0, 2, 1], "texture": "#8"},
				"west": {"uv": [0, 0, 1, 1], "texture": "#8"},
				"up": {"uv": [0, 0, 2, 1], "texture": "#8"},
				"down": {"uv": [0, 0, 2, 1], "texture": "#8"}
			}
		}
	],
	"display": {
		"head": {
			"translation": [1.25, -23.5, 4],
			"scale": [2.46, 2.44, 2.46]
		}
	}
}