{
	"credit": "Made with Blockbench",
	"textures": {
		"0": "block/snow",
		"2": "block/campfire_log",
		"3": "block/coal_block",
        "4": "item/carrot",
		"6": "block/black_wool",
		"7": "block/red_wool",
		"particle": "block/snow"
	},
	"elements": [
		{
			"from": [6, -9, 7],
			"to": [12, -8, 13],
			"rotation": {"angle": 0, "axis": "y", "origin": [14, -1, 15]},
			"faces": {
				"north": {"uv": [0, 0, 6, 1], "texture": "#0"},
				"east": {"uv": [0, 0, 6, 1], "texture": "#0"},
				"south": {"uv": [0, 0, 6, 1], "texture": "#0"},
				"west": {"uv": [0, 0, 6, 1], "texture": "#0"},
				"up": {"uv": [0, 0, 6, 6], "texture": "#0"}
			}
		},
		{
			"from": [6, -10, 11],
			"to": [12, -9, 12],
			"rotation": {"angle": 22.5, "axis": "x", "origin": [14, 0, 13]},
			"faces": {
				"north": {"uv": [0, 0, 6, 1], "texture": "#0"},
				"east": {"uv": [0, 0, 1, 1], "texture": "#0"},
				"south": {"uv": [0, 0, 6, 1], "texture": "#0"},
				"west": {"uv": [0, 0, 1, 1], "texture": "#0"},
				"up": {"uv": [0, 0, 6, 1], "texture": "#0"}
			}
		},
		{
			"from": [7, -10, 10],
			"to": [11, -9, 11],
			"rotation": {"angle": 22.5, "axis": "x", "origin": [10, -4, 12]},
			"faces": {
				"east": {"uv": [0, 0, 1, 1], "texture": "#0"},
				"west": {"uv": [0, 0, 1, 1], "texture": "#0"}
			}
		},
		{
			"from": [6, -11, 6],
			"to": [11, -8, 7],
			"rotation": {"angle": 0, "axis": "y", "origin": [10, -5, 10]},
			"faces": {
				"north": {"uv": [0, 0, 4, 1], "texture": "#0"},
				"east": {"uv": [0, 0, 1, 1], "texture": "#0"},
				"west": {"uv": [0, 0, 1, 1], "texture": "#0"},
				"up": {"uv": [0, 0, 4, 1], "texture": "#0"}
			}
		},
		{
			"from": [5, -9, 8],
			"to": [6, -8, 12],
			"rotation": {"angle": 0, "axis": "y", "origin": [8, -5, 15]},
			"faces": {
				"north": {"uv": [0, 0, 1, 1], "texture": "#0"},
				"south": {"uv": [0, 0, 1, 1], "texture": "#0"},
				"west": {"uv": [0, 0, 4, 1], "texture": "#0"},
				"up": {"uv": [0, 0, 1, 4], "texture": "#0"}
			}
		},
		{
			"from": [7, -9, 13],
			"to": [11, -8, 14],
			"rotation": {"angle": 0, "axis": "y", "origin": [10, -5, 17]},
			"faces": {
				"east": {"uv": [0, 0, 1, 1], "texture": "#0"},
				"south": {"uv": [0, 0, 4, 1], "texture": "#0"},
				"west": {"uv": [0, 0, 1, 1], "texture": "#0"},
				"up": {"uv": [0, 0, 4, 1], "texture": "#0"}
			}
		},
		{
			"from": [12, -9, 8],
			"to": [13, -8, 12],
			"rotation": {"angle": 0, "axis": "y", "origin": [15, -5, 15]},
			"faces": {
				"north": {"uv": [0, 0, 1, 1], "texture": "#0"},
				"east": {"uv": [0, 0, 4, 1], "texture": "#0"},
				"south": {"uv": [0, 0, 1, 1], "texture": "#0"},
				"up": {"uv": [0, 0, 1, 4], "texture": "#0"}
			}
		},
		{
			"from": [5, -13, 6],
			"to": [13, -10, 14],
			"rotation": {"angle": 0, "axis": "y", "origin": [13, -5, 14]},
			"faces": {
				"north": {"uv": [0, 0, 8, 3], "texture": "#0"},
				"south": {"uv": [0, 0, 8, 3], "texture": "#0"},
				"west": {"uv": [0, 0, 8, 3], "texture": "#0"},
				"down": {"uv": [0, 0, 8, 8], "texture": "#0"}
			}
		},
		{
			"from": [4, -12, 6],
			"to": [14, -9, 14],
			"rotation": {"angle": 0, "axis": "y", "origin": [13, -4, 13]},
			"faces": {
				"north": {"uv": [0, 0, 10, 3], "texture": "#0"},
				"east": {"uv": [0, 0, 8, 3], "texture": "#0"},
				"south": {"uv": [0, 0, 10, 3], "texture": "#0"},
				"west": {"uv": [0, 0, 8, 3], "texture": "#0"},
				"up": {"uv": [0, 0, 10, 8], "texture": "#0"},
				"down": {"uv": [0, 0, 10, 8], "texture": "#0"}
			}
		},
		{
			"from": [5, -12, 5],
			"to": [13, -9, 8],
			"rotation": {"angle": 0, "axis": "y", "origin": [13, -4, 12]},
			"faces": {
				"north": {"uv": [0, 0, 8, 3], "texture": "#0"},
				"east": {"uv": [0, 0, 3, 3], "texture": "#0"},
				"west": {"uv": [0, 0, 3, 3], "texture": "#0"},
				"up": {"uv": [0, 0, 8, 3], "texture": "#0"},
				"down": {"uv": [0, 0, 8, 3], "texture": "#0"}
			}
		},
		{
			"from": [5, -12, 12],
			"to": [13, -9, 15],
			"rotation": {"angle": 0, "axis": "y", "origin": [13, -4, 19]},
			"faces": {
				"south": {"uv": [0, 0, 8, 3], "texture": "#0"},
				"west": {"uv": [0, 0, 3, 3], "texture": "#0"},
				"up": {"uv": [0, 0, 8, 3], "texture": "#0"},
				"down": {"uv": [0, 0, 8, 3], "texture": "#0"}
			}
		},
		{
			"from": [11, -14, 12],
			"to": [14, -9, 15],
			"rotation": {"angle": 0, "axis": "y", "origin": [14, -6, 19]},
			"faces": {
				"north": {"uv": [0, 0, 3, 8], "texture": "#0"},
				"east": {"uv": [0, 0, 3, 8], "texture": "#0"},
				"south": {"uv": [0, 0, 3, 8], "texture": "#0"},
				"west": {"uv": [0, 0, 3, 8], "texture": "#0"},
				"up": {"uv": [0, 0, 3, 3], "texture": "#0"},
				"down": {"uv": [0, 0, 3, 3], "texture": "#0"}
			}
		},
		{
			"from": [12, -13, 5],
			"to": [15, -10, 8],
			"rotation": {"angle": 0, "axis": "y", "origin": [15, -3, 12]},
			"faces": {
				"north": {"uv": [0, 0, 3, 6], "texture": "#0"},
				"east": {"uv": [0, 0, 3, 6], "texture": "#0"},
				"south": {"uv": [0, 0, 3, 6], "texture": "#0"},
				"up": {"uv": [0, 0, 3, 3], "texture": "#0"},
				"down": {"uv": [0, 0, 3, 3], "texture": "#0"}
			}
		},
		{
			"from": [6, -13, 2],
			"to": [15, -12.5, 5],
			"rotation": {"angle": 0, "axis": "y", "origin": [15, -3, 12]},
			"faces": {
				"north": {"uv": [0, 0, 3, 6], "texture": "#0"},
				"east": {"uv": [0, 0, 3, 6], "texture": "#0"},
				"west": {"uv": [0, 0, 3, 6], "texture": "#0"},
				"up": {"uv": [0, 0, 3, 3], "texture": "#0"},
				"down": {"uv": [0, 0, 3, 3], "texture": "#0"}
			}
		},
		{
			"from": [14, -13, 8],
			"to": [18, -12.5, 11],
			"rotation": {"angle": 0, "axis": "y", "origin": [15, -3, 12]},
			"faces": {
				"north": {"uv": [0, 0, 3, 6], "texture": "#0"},
				"east": {"uv": [0, 0, 3, 6], "texture": "#0"},
				"south": {"uv": [0, 0, 3, 6], "texture": "#0"},
				"up": {"uv": [0, 0, 3, 3], "texture": "#0"},
				"down": {"uv": [0, 0, 3, 3], "texture": "#0"}
			}
		},
		{
			"from": [14, -13, 11],
			"to": [16, -12.5, 13],
			"rotation": {"angle": 0, "axis": "y", "origin": [15, -3, 12]},
			"faces": {
				"east": {"uv": [0, 0, 3, 6], "texture": "#0"},
				"up": {"uv": [0, 0, 3, 3], "texture": "#0"},
				"down": {"uv": [0, 0, 3, 3], "texture": "#0"}
			}
		},
		{
			"from": [2, -13, 8],
			"to": [4, -12.5, 11],
			"rotation": {"angle": 0, "axis": "y", "origin": [15, -3, 12]},
			"faces": {
				"north": {"uv": [0, 0, 3, 6], "texture": "#0"},
				"west": {"uv": [0, 0, 3, 6], "texture": "#0"},
				"up": {"uv": [0, 0, 3, 3], "texture": "#0"},
				"down": {"uv": [0, 0, 3, 3], "texture": "#0"}
			}
		},
		{
			"from": [3, -13, 7],
			"to": [4, -12.5, 8],
			"rotation": {"angle": 0, "axis": "y", "origin": [15, -3, 12]},
			"faces": {
				"north": {"uv": [0, 0, 3, 6], "texture": "#0"},
				"west": {"uv": [0, 0, 3, 6], "texture": "#0"},
				"up": {"uv": [0, 0, 3, 3], "texture": "#0"}
			}
		},
		{
			"from": [4, -13, 5],
			"to": [6, -12.5, 7],
			"rotation": {"angle": 0, "axis": "y", "origin": [15, -3, 12]},
			"faces": {
				"north": {"uv": [0, 0, 3, 6], "texture": "#0"},
				"west": {"uv": [0, 0, 3, 6], "texture": "#0"},
				"up": {"uv": [0, 0, 3, 3], "texture": "#0"},
				"down": {"uv": [0, 0, 3, 3], "texture": "#0"}
			}
		},
		{
			"from": [0, -13, 11],
			"to": [4, -12.5, 13],
			"rotation": {"angle": 0, "axis": "y", "origin": [15, -3, 12]},
			"faces": {
				"north": {"uv": [0, 0, 3, 6], "texture": "#0"},
				"south": {"uv": [0, 0, 3, 6], "texture": "#0"},
				"west": {"uv": [0, 0, 3, 6], "texture": "#0"},
				"up": {"uv": [0, 0, 3, 3], "texture": "#0"},
				"down": {"uv": [0, 0, 3, 3], "texture": "#0"}
			}
		},
		{
			"from": [15, -13, 13],
			"to": [17, -12.5, 15],
			"rotation": {"angle": 0, "axis": "y", "origin": [15, -3, 12]},
			"faces": {
				"north": {"uv": [0, 0, 3, 6], "texture": "#0"},
				"east": {"uv": [0, 0, 3, 6], "texture": "#0"},
				"south": {"uv": [0, 0, 3, 6], "texture": "#0"},
				"west": {"uv": [0, 0, 3, 6], "texture": "#0"},
				"up": {"uv": [0, 0, 3, 3], "texture": "#0"},
				"down": {"uv": [0, 0, 3, 3], "texture": "#0"}
			}
		},
		{
			"from": [14, -13, 13],
			"to": [15, -12.5, 14],
			"rotation": {"angle": 0, "axis": "y", "origin": [15, -3, 12]},
			"faces": {
				"south": {"uv": [0, 0, 3, 6], "texture": "#0"},
				"up": {"uv": [0, 0, 3, 3], "texture": "#0"},
				"down": {"uv": [0, 0, 3, 3], "texture": "#0"}
			}
		},
		{
			"from": [8, -13, 1],
			"to": [12, -12.5, 2],
			"rotation": {"angle": 0, "axis": "y", "origin": [15, -3, 12]},
			"faces": {
				"north": {"uv": [0, 0, 3, 6], "texture": "#0"},
				"west": {"uv": [0, 0, 3, 6], "texture": "#0"},
				"up": {"uv": [0, 0, 3, 3], "texture": "#0"},
				"down": {"uv": [0, 0, 3, 3], "texture": "#0"}
			}
		},
		{
			"from": [3, -11, 12],
			"to": [5, -10, 14],
			"rotation": {"angle": 0, "axis": "y", "origin": [6, -3, 19]},
			"faces": {
				"south": {"uv": [0, 0, 3, 6], "texture": "#0"},
				"west": {"uv": [0, 0, 3, 6], "texture": "#0"},
				"up": {"uv": [0, 0, 3, 3], "texture": "#0"},
				"down": {"uv": [0, 0, 3, 3], "texture": "#0"}
			}
		},
		{
			"from": [6, -12, 13],
			"to": [12, -9, 16],
			"rotation": {"angle": 0, "axis": "y", "origin": [9, -8, 20]},
			"faces": {
				"east": {"uv": [0, 0, 3, 3], "texture": "#0"},
				"south": {"uv": [0, 0, 6, 3], "texture": "#0"},
				"west": {"uv": [0, 0, 3, 3], "texture": "#0"},
				"up": {"uv": [0, 0, 6, 3], "texture": "#0"},
				"down": {"uv": [0, 0, 6, 3], "texture": "#0"}
			}
		},
		{
			"from": [3, -11, 7],
			"to": [6, -9, 13],
			"rotation": {"angle": 0, "axis": "y", "origin": [6, -8, 14]},
			"faces": {
				"north": {"uv": [0, 0, 3, 3], "texture": "#0"},
				"south": {"uv": [0, 0, 3, 3], "texture": "#0"},
				"west": {"uv": [0, 0, 6, 3], "texture": "#0"},
				"up": {"uv": [0, 0, 3, 6], "texture": "#0"},
				"down": {"uv": [0, 0, 3, 6], "texture": "#0"}
			}
		},
		{
			"from": [6, -13, 5],
			"to": [12, -10, 8],
			"rotation": {"angle": 0, "axis": "y", "origin": [9, -9, 9]},
			"faces": {
				"north": {"uv": [0, 0, 6, 3], "texture": "#0"},
				"west": {"uv": [0, 0, 3, 3], "texture": "#0"},
				"down": {"uv": [0, 0, 6, 3], "texture": "#0"}
			}
		},
		{
			"from": [4, -13, 7],
			"to": [7, -10, 13],
			"rotation": {"angle": 0, "axis": "y", "origin": [7, -9, 14]},
			"faces": {
				"north": {"uv": [0, 0, 3, 3], "texture": "#0"},
				"south": {"uv": [0, 0, 3, 3], "texture": "#0"},
				"west": {"uv": [0, 0, 6, 3], "texture": "#0"},
				"down": {"uv": [0, 0, 3, 6], "texture": "#0"}
			}
		},
		{
			"from": [6, -13, 12],
			"to": [12, -10, 15],
			"rotation": {"angle": 0, "axis": "y", "origin": [9, -9, 16]},
			"faces": {
				"south": {"uv": [0, 0, 6, 3], "texture": "#0"},
				"west": {"uv": [0, 0, 3, 3], "texture": "#0"},
				"down": {"uv": [0, 0, 6, 3], "texture": "#0"}
			}
		},
		{
			"from": [11, -13, 7],
			"to": [14, -10, 13],
			"rotation": {"angle": 0, "axis": "y", "origin": [14, -9, 14]},
			"faces": {
				"east": {"uv": [0, 0, 6, 3], "texture": "#0"},
				"down": {"uv": [0, 0, 3, 6], "texture": "#0"}
			}
		},
		{
			"from": [10, -8, 9.6],
			"to": [11, -7.8, 10.6],
			"rotation": {"angle": 0, "axis": "x", "origin": [17, 1, 13]},
			"faces": {
				"north": {"uv": [0, 0, 1, 0.2], "rotation": 180, "texture": "#3"},
				"east": {"uv": [0, 0, 0.2, 1], "rotation": 270, "texture": "#3"},
				"south": {"uv": [0, 0, 1, 0.2], "texture": "#3"},
				"west": {"uv": [0, 0, 0.2, 1], "rotation": 90, "texture": "#3"},
				"up": {"uv": [0, 0, 1, 1], "rotation": 180, "texture": "#3"}
			}
		},
		{
			"from": [11.5, -8, 8.6],
			"to": [12.5, -7.8, 9.6],
			"rotation": {"angle": 0, "axis": "x", "origin": [17, 1, 13]},
			"faces": {
				"north": {"uv": [0, 0, 1, 0.2], "rotation": 180, "texture": "#3"},
				"east": {"uv": [0, 0, 0.2, 1], "rotation": 270, "texture": "#3"},
				"south": {"uv": [0, 0, 1, 0.2], "texture": "#3"},
				"west": {"uv": [0, 0, 0.2, 1], "rotation": 90, "texture": "#3"},
				"up": {"uv": [0, 0, 1, 1], "rotation": 180, "texture": "#3"}
			}
		},
		{
			"from": [8.5, -8, 9.6],
			"to": [9.5, -7.8, 10.6],
			"rotation": {"angle": 0, "axis": "x", "origin": [17, 1, 13]},
			"faces": {
				"north": {"uv": [0, 0, 1, 0.2], "rotation": 180, "texture": "#3"},
				"east": {"uv": [0, 0, 0.2, 1], "rotation": 270, "texture": "#3"},
				"south": {"uv": [0, 0, 1, 0.2], "texture": "#3"},
				"west": {"uv": [0, 0, 0.2, 1], "rotation": 90, "texture": "#3"},
				"up": {"uv": [0, 0, 1, 1], "rotation": 180, "texture": "#3"}
			}
		},
		{
			"from": [6.5, -8, 8.6],
			"to": [7.5, -7.8, 9.6],
			"rotation": {"angle": 0, "axis": "x", "origin": [17, 1, 13]},
			"faces": {
				"north": {"uv": [0, 0, 1, 0.2], "rotation": 180, "texture": "#3"},
				"east": {"uv": [0, 0, 0.2, 1], "rotation": 270, "texture": "#3"},
				"south": {"uv": [0, 0, 1, 0.2], "texture": "#3"},
				"west": {"uv": [0, 0, 0.2, 1], "rotation": 90, "texture": "#3"},
				"up": {"uv": [0, 0, 1, 1], "rotation": 180, "texture": "#3"}
			}
		},
		{
			"from": [6, -8, 6.6],
			"to": [7, -7.8, 7.6],
			"rotation": {"angle": 0, "axis": "x", "origin": [17, 1, 13]},
			"faces": {
				"north": {"uv": [0, 0, 1, 0.2], "rotation": 180, "texture": "#3"},
				"east": {"uv": [0, 0, 0.2, 1], "rotation": 270, "texture": "#3"},
				"south": {"uv": [0, 0, 1, 0.2], "texture": "#3"},
				"west": {"uv": [0, 0, 0.2, 1], "rotation": 90, "texture": "#3"},
				"up": {"uv": [0, 0, 1, 1], "rotation": 180, "texture": "#3"}
			}
		},
		{
			"from": [8, -11, 4.8],
			"to": [9, -10, 5],
			"rotation": {"angle": 0, "axis": "y", "origin": [15, 4, 13]},
			"faces": {
				"north": {"uv": [0, 0, 1, 1], "texture": "#3"},
				"east": {"uv": [0, 0, 0.2, 1], "texture": "#3"},
				"west": {"uv": [0, 0, 0.2, 1], "texture": "#3"},
				"up": {"uv": [0, 0, 1, 0.2], "texture": "#3"},
				"down": {"uv": [0, 0, 1, 0.2], "texture": "#3"}
			}
		},
		{
			"from": [10, -10.7, 4.8],
			"to": [11, -9.7, 5],
			"rotation": {"angle": 0, "axis": "x", "origin": [14, 6, 13]},
			"faces": {
				"north": {"uv": [0, 0, 1, 1], "texture": "#3"},
				"east": {"uv": [0, 0, 0.2, 1], "texture": "#3"},
				"west": {"uv": [0, 0, 0.2, 1], "texture": "#3"},
				"up": {"uv": [0, 0, 1, 0.2], "texture": "#3"},
				"down": {"uv": [0, 0, 1, 0.2], "texture": "#3"}
			}
		},
		{
			"from": [-1, -13, 19],
			"to": [9, -12, 29],
			"rotation": {"angle": 0, "axis": "z", "origin": [18, 14, 14]},
			"faces": {
				"north": {"uv": [0, 0, 10, 1], "texture": "#6"},
				"east": {"uv": [0, 0, 10, 1], "texture": "#6"},
				"south": {"uv": [0, 0, 10, 1], "texture": "#6"},
				"west": {"uv": [0, 0, 10, 1], "texture": "#6"},
				"up": {"uv": [0, 0, 10, 10], "texture": "#6"},
				"down": {"uv": [0, 0, 10, 10], "texture": "#6"}
			}
		},
		{
			"from": [1, -10, 21],
			"to": [7, -5, 27],
			"rotation": {"angle": 0, "axis": "z", "origin": [18, 15, 14]},
			"faces": {
				"north": {"uv": [0, 0, 6, 5], "texture": "#6"},
				"east": {"uv": [0, 0, 6, 5], "texture": "#6"},
				"south": {"uv": [0, 0, 6, 5], "texture": "#6"},
				"west": {"uv": [0, 0, 6, 5], "texture": "#6"},
				"up": {"uv": [0, 0, 6, 6], "texture": "#6"}
			}
		},
		{
			"from": [1, -12, 21],
			"to": [7, -10, 27],
			"rotation": {"angle": 0, "axis": "z", "origin": [18, 13, 14]},
			"faces": {
				"north": {"uv": [0, 0, 6, 2], "texture": "#7"},
				"east": {"uv": [0, 0, 6, 2], "texture": "#7"},
				"south": {"uv": [0, 0, 6, 2], "texture": "#7"},
				"west": {"uv": [0, 0, 6, 2], "texture": "#7"}
			}
		},
		{
			"from": [8, -14, 15],
			"to": [11, -13, 17],
			"rotation": {"angle": 0, "axis": "y", "origin": [8, -18, 19]},
			"faces": {
				"north": {"uv": [0, 0, 8, 4], "texture": "#0"},
				"east": {"uv": [0, 0, 5, 4], "texture": "#0"},
				"south": {"uv": [0, 0, 8, 4], "texture": "#0"},
				"west": {"uv": [0, 0, 5, 4], "texture": "#0"},
				"up": {"uv": [0, 0, 8, 5], "texture": "#0"},
				"down": {"uv": [0, 0, 8, 5], "texture": "#0"}
			}
		},
		{
			"from": [-1, -12, 15],
			"to": [3, -10, 17],
			"rotation": {"angle": 0, "axis": "y", "origin": [10, 1, 24]},
			"faces": {
				"north": {"uv": [0, 0, 8, 4], "texture": "#2"},
				"east": {"uv": [0, 4, 4, 8], "texture": "#2"},
				"south": {"uv": [0, 0, 8, 4], "texture": "#2"},
				"west": {"uv": [0, 4, 4, 8], "texture": "#2"},
				"up": {"uv": [0, 0, 8, 4], "texture": "#2"},
				"down": {"uv": [0, 0, 8, 4], "texture": "#2"}
			}
		},
		{
			"from": [-8.675, -7.475, 15.001],
			"to": [-1.675, -5.475, 16.999],
			"rotation": {"angle": 22.5, "axis": "z", "origin": [10, -6, 24]},
			"faces": {
				"north": {"uv": [0, 0, 16, 4], "texture": "#2"},
				"east": {"uv": [0, 4, 4, 8], "texture": "#2"},
				"south": {"uv": [0, 0, 16, 4], "texture": "#2"},
				"west": {"uv": [0, 4, 4, 8], "texture": "#2"},
				"up": {"uv": [0, 0, 16, 4], "texture": "#2"},
				"down": {"uv": [0, 0, 16, 4], "texture": "#2"}
			}
		},
		{
			"from": [20, -12, 9],
			"to": [24, -10, 11],
			"rotation": {"angle": -22.5, "axis": "z", "origin": [21, 3, 18]},
			"faces": {
				"north": {"uv": [0, 0, 10, 4], "texture": "#2"},
				"east": {"uv": [0, 4, 4, 8], "texture": "#2"},
				"south": {"uv": [0, 0, 10, 4], "texture": "#2"},
				"west": {"uv": [0, 4, 4, 8], "texture": "#2"},
				"up": {"uv": [0, 0, 10, 4], "texture": "#2"},
				"down": {"uv": [0, 0, 10, 4], "texture": "#2"}
			}
		},
		{
			"from": [18, -12, 9.001],
			"to": [20.3, -10, 10.999],
			"rotation": {"angle": 0, "axis": "z", "origin": [30, 2, 18]},
			"faces": {
				"north": {"uv": [0, 0, 6, 4], "texture": "#2"},
				"east": {"uv": [0, 4, 4, 8], "texture": "#2"},
				"south": {"uv": [0, 0, 6, 4], "texture": "#2"},
				"west": {"uv": [0, 4, 4, 8], "texture": "#2"},
				"up": {"uv": [0, 0, 6, 4], "texture": "#2"},
				"down": {"uv": [0, 0, 6, 4], "texture": "#2"}
			}
		},
		{
			"from": [27, -11.75, 9],
			"to": [32, -9.75, 11],
			"rotation": {"angle": -22.5, "axis": "z", "origin": [23, 7, 18]},
			"faces": {
				"north": {"uv": [0, 0, 12, 4], "texture": "#2"},
				"east": {"uv": [0, 4, 4, 8], "texture": "#2"},
				"south": {"uv": [0, 0, 12, 4], "texture": "#2"},
				"west": {"uv": [0, 4, 4, 8], "texture": "#2"},
				"up": {"uv": [0, 0, 12, 4], "texture": "#2"},
				"down": {"uv": [0, 0, 12, 4], "texture": "#2"}
			}
		},
		{
			"from": [5, -8, 10],
			"to": [7, -7, 12],
			"rotation": {"angle": 0, "axis": "x", "origin": [15, 4, 12]},
			"faces": {
				"north": {"uv": [0, 0, 2, 1], "rotation": 180, "texture": "#3"},
				"east": {"uv": [0, 0, 1, 2], "rotation": 270, "texture": "#3"},
				"south": {"uv": [0, 0, 2, 1], "texture": "#3"},
				"west": {"uv": [0, 0, 1, 2], "rotation": 90, "texture": "#3"},
				"up": {"uv": [0, 0, 2, 2], "rotation": 180, "texture": "#3"}
			}
		},
		{
			"from": [9, -8, 12],
			"to": [11, -7, 14],
			"rotation": {"angle": 0, "axis": "x", "origin": [19, 4, 12]},
			"faces": {
				"north": {"uv": [0, 0, 2, 1], "rotation": 180, "texture": "#3"},
				"east": {"uv": [0, 0, 1, 2], "rotation": 270, "texture": "#3"},
				"south": {"uv": [0, 0, 2, 1], "texture": "#3"},
				"west": {"uv": [0, 0, 1, 2], "rotation": 90, "texture": "#3"},
				"up": {"uv": [0, 0, 2, 2], "rotation": 180, "texture": "#3"}
			}
		},
		{
			"from": [5, -13, 0],
			"to": [7, -12, 2],
			"rotation": {"angle": 0, "axis": "y", "origin": [17, 3, 11]},
			"faces": {
				"north": {"uv": [0, 0, 2, 2], "texture": "#3"},
				"east": {"uv": [0, 0, 1, 2], "texture": "#3"},
				"south": {"uv": [0, 0, 2, 2], "texture": "#3"},
				"west": {"uv": [0, 0, 1, 2], "texture": "#3"},
				"up": {"uv": [0, 0, 2, 1], "texture": "#3"},
				"down": {"uv": [0, 0, 2, 1], "texture": "#3"}
			}
		},
		{
			"from": [8, -13, 3],
			"to": [10, -12, 5],
			"rotation": {"angle": 0, "axis": "y", "origin": [17, 7, 11]},
			"faces": {
				"north": {"uv": [0, 0, 2, 2], "texture": "#3"},
				"east": {"uv": [0, 0, 1, 2], "texture": "#3"},
				"west": {"uv": [0, 0, 1, 2], "texture": "#3"},
				"up": {"uv": [0, 0, 2, 1], "texture": "#3"}
			}
		},
		{
			"from": [11, -13, 1],
			"to": [13, -12, 3],
			"rotation": {"angle": 0, "axis": "y", "origin": [17, 8, 11]},
			"faces": {
				"north": {"uv": [0, 0, 2, 2], "texture": "#3"},
				"east": {"uv": [0, 0, 1, 2], "texture": "#3"},
				"south": {"uv": [0, 0, 2, 2], "texture": "#3"},
				"west": {"uv": [0, 0, 1, 2], "texture": "#3"},
				"up": {"uv": [0, 0, 2, 1], "texture": "#3"},
				"down": {"uv": [0, 0, 2, 1], "texture": "#3"}
			}
		},
		{
			"from": [5, -12.7, 15.8],
			"to": [13, -11.7, 17.8],
			"rotation": {"angle": 0, "axis": "x", "origin": [14, 3, 21]},
			"faces": {
				"north": {"uv": [0, 0, 8, 2], "texture": "#7"},
				"east": {"uv": [0, 0, 1, 2], "texture": "#7"},
				"south": {"uv": [0, 0, 8, 2], "texture": "#7"},
				"up": {"uv": [0, 0, 8, 1], "texture": "#7"},
				"down": {"uv": [0, 0, 8, 1], "texture": "#7"}
			}
		},
		{
			"from": [3, -12.7, 10.8],
			"to": [5, -11.7, 17.8],
			"rotation": {"angle": 0, "axis": "y", "origin": [12, 3, 19]},
			"faces": {
				"east": {"uv": [0, 0, 7, 2], "texture": "#7"},
				"south": {"uv": [0, 0, 1, 2], "texture": "#7"},
				"west": {"uv": [0, 0, 7, 2], "texture": "#7"},
				"up": {"uv": [0, 0, 1, 7], "texture": "#7"},
				"down": {"uv": [0, 0, 1, 7], "texture": "#7"}
			}
		},
		{
			"from": [2, -12.7, 8.8],
			"to": [4, -11.7, 10.8],
			"rotation": {"angle": 0, "axis": "y", "origin": [6, 9, 14]},
			"faces": {
				"north": {"uv": [0, 0, 1, 2], "texture": "#7"},
				"south": {"uv": [0, 0, 1, 2], "texture": "#7"},
				"west": {"uv": [0, 0, 2, 2], "texture": "#7"},
				"up": {"uv": [0, 0, 1, 2], "texture": "#7"}
			}
		},
		{
			"from": [-3, -12.7, 9.8],
			"to": [2, -11.7, 11.8],
			"rotation": {"angle": 0, "axis": "y", "origin": [5, 8, 14]},
			"faces": {
				"north": {"uv": [0, 0, 5, 1], "texture": "#7"},
				"east": {"uv": [0, 0, 2, 5], "texture": "#7"},
				"south": {"uv": [0, 0, 1, 5], "texture": "#7"},
				"west": {"uv": [0, 0, 2, 5], "texture": "#7"},
				"up": {"uv": [0, 0, 5, 2], "texture": "#7"},
				"down": {"uv": [0, 0, 1, 2], "texture": "#7"}
			}
		},
		{
			"from": [1, -13, -1],
			"to": [5, -12.9, 9],
			"rotation": {"angle": 0, "axis": "z", "origin": [17, 1, 18]},
			"faces": {
				"north": {"uv": [0, 0, 2, 2], "rotation": 90, "texture": "#4"},
				"east": {"uv": [0, 0, 2, 5], "rotation": 270, "texture": "#4"},
				"south": {"uv": [0, 0, 2, 2], "rotation": 270, "texture": "#4"},
				"west": {"uv": [0, 0, 2, 5], "rotation": 270, "texture": "#4"},
				"up": {"uv": [0, 0, 16, 16], "rotation": 180, "texture": "#4"},
				"down": {"uv": [16, 0, 0, 16], "texture": "#4"}
			}
		}
	],
	"display": {
		"head": {
			"translation": [-1.25, -15, -2.75],
			"scale": [1.35, 1.35, 1.35]
		}
	},
	"groups": [
		{
			"name": "group",
			"origin": [14, 33, 15],
			"color": 0,
			"children": [0, 1, 2, 3, 4, 5, 6]
		},
		{
			"name": "group",
			"origin": [14, 33, 15],
			"color": 0,
			"children": [7, 8, 9, 10, 11, 12, 13, 14, 15, 16, 17, 18, 19, 20, 21, 22, 23, 24, 25, 26, 27, 28, 29, 30, 31, 32, 33, 34, 35, 36, 37, 38, 39]
		},
		{
			"name": "group",
			"origin": [14, 33, 15],
			"color": 0,
			"children": [40, 41, 42, 43, 44, 45, 46, 47, 48, 49, 50, 51, 52, 53, 54]
		}
	]
}