{
	"credit": "Made with Blockbench",
	"textures": {
		"0": "block/snow",
		"2": "block/campfire_log",
		"3": "block/coal_block",
        "4": "item/carrot",
		"6": "block/black_wool",
		"7": "block/lime_wool",
		"particle": "block/snow"
	},
	"elements": [
		{
			"from": [7, 1, 10],
			"to": [13, 7, 18],
			"rotation": {"angle": 22.5, "axis": "x", "origin": [14, 16, 12]},
			"faces": {
				"north": {"uv": [0, 0, 6, 6], "texture": "#0"},
				"east": {"uv": [0, 0, 1, 6], "texture": "#0"},
				"west": {"uv": [0, 0, 1, 6], "texture": "#0"},
				"up": {"uv": [0, 0, 6, 1], "texture": "#0"},
				"down": {"uv": [0, 0, 6, 1], "texture": "#0"}
			}
		},
		{
			"from": [13, 1, 13],
			"to": [14, 7, 18],
			"rotation": {"angle": 22.5, "axis": "x", "origin": [16, 16, 18]},
			"faces": {
				"north": {"uv": [0, 0, 1, 6], "texture": "#0"},
				"east": {"uv": [0, 0, 6, 6], "texture": "#0"},
				"south": {"uv": [0, 0, 1, 6], "texture": "#0"},
				"up": {"uv": [0, 0, 1, 6], "texture": "#0"},
				"down": {"uv": [0, 0, 1, 6], "texture": "#0"}
			}
		},
		{
			"from": [5, 0, 12],
			"to": [13, 7, 17],
			"rotation": {"angle": 22.5, "axis": "x", "origin": [14, 10, 14]},
			"faces": {
				"north": {"uv": [0, 0, 8, 1], "texture": "#0"},
				"east": {"uv": [0, 0, 6, 1], "texture": "#0"},
				"south": {"uv": [0, 0, 8, 1], "texture": "#0"},
				"west": {"uv": [0, 0, 6, 1], "texture": "#0"},
				"up": {"uv": [0, 0, 8, 6], "texture": "#0"}
			}
		},
		{
			"from": [6, 0, 11],
			"to": [12, 1, 12],
			"rotation": {"angle": 22.5, "axis": "x", "origin": [14, 10, 13]},
			"faces": {
				"north": {"uv": [0, 0, 6, 1], "texture": "#0"},
				"east": {"uv": [0, 0, 1, 1], "texture": "#0"},
				"west": {"uv": [0, 0, 1, 1], "texture": "#0"},
				"up": {"uv": [0, 0, 6, 1], "texture": "#0"}
			}
		},
		{
			"from": [6, 1, 17],
			"to": [13, 5, 18],
			"rotation": {"angle": 22.5, "axis": "x", "origin": [15, 11, 20]},
			"faces": {
				"east": {"uv": [0, 0, 1, 6], "texture": "#0"},
				"south": {"uv": [0, 0, 1, 6], "texture": "#0"},
				"west": {"uv": [0, 0, 1, 6], "texture": "#0"},
				"up": {"uv": [0, 0, 1, 1], "texture": "#0"},
				"down": {"uv": [0, 0, 1, 1], "texture": "#0"}
			}
		},
		{
			"from": [5, 1, 11],
			"to": [6, 6, 12],
			"rotation": {"angle": 22.5, "axis": "x", "origin": [8, 11, 13]},
			"faces": {
				"north": {"uv": [0, 0, 1, 6], "texture": "#0"},
				"east": {"uv": [0, 0, 1, 6], "texture": "#0"},
				"south": {"uv": [0, 0, 1, 6], "texture": "#0"},
				"west": {"uv": [0, 0, 1, 6], "texture": "#0"},
				"up": {"uv": [0, 0, 1, 1], "texture": "#0"},
				"down": {"uv": [0, 0, 1, 1], "texture": "#0"}
			}
		},
		{
			"from": [5, 2, 10],
			"to": [7, 6, 11],
			"rotation": {"angle": 22.5, "axis": "x", "origin": [8, 11, 12]},
			"faces": {
				"north": {"uv": [0, 0, 1, 4], "texture": "#0"},
				"south": {"uv": [0, 0, 1, 4], "texture": "#0"},
				"west": {"uv": [0, 0, 1, 4], "texture": "#0"},
				"up": {"uv": [0, 0, 1, 1], "texture": "#0"},
				"down": {"uv": [0, 0, 1, 1], "texture": "#0"}
			}
		},
		{
			"from": [13, 2, 11],
			"to": [14, 6, 12],
			"rotation": {"angle": 22.5, "axis": "x", "origin": [16, 11, 13]},
			"faces": {
				"north": {"uv": [0, 0, 1, 4], "texture": "#0"},
				"east": {"uv": [0, 0, 1, 4], "texture": "#0"},
				"south": {"uv": [0, 0, 1, 4], "texture": "#0"},
				"down": {"uv": [0, 0, 1, 1], "texture": "#0"}
			}
		},
		{
			"from": [14, 4, 13],
			"to": [15, 6, 15],
			"rotation": {"angle": 22.5, "axis": "x", "origin": [16, 11, 13]},
			"faces": {
				"north": {"uv": [0, 0, 1, 4], "texture": "#0"},
				"east": {"uv": [0, 0, 1, 4], "texture": "#0"},
				"south": {"uv": [0, 0, 1, 4], "texture": "#0"},
				"up": {"uv": [0, 0, 1, 1], "texture": "#0"},
				"down": {"uv": [0, 0, 1, 1], "texture": "#0"}
			}
		},
		{
			"from": [6, 6, 10],
			"to": [13, 9, 17],
			"rotation": {"angle": 22.5, "axis": "x", "origin": [16, 11, 13]},
			"faces": {
				"north": {"uv": [0, 0, 1, 4], "texture": "#0"},
				"east": {"uv": [0, 0, 1, 4], "texture": "#0"},
				"south": {"uv": [0, 0, 1, 4], "texture": "#0"},
				"west": {"uv": [0, 0, 1, 4], "texture": "#0"},
				"up": {"uv": [0, 0, 1, 1], "texture": "#0"},
				"down": {"uv": [0, 0, 1, 1], "texture": "#0"}
			}
		},
		{
			"from": [7, 0, 10],
			"to": [11, 1, 11],
			"rotation": {"angle": 22.5, "axis": "x", "origin": [10, 6, 12]},
			"faces": {
				"east": {"uv": [0, 0, 1, 1], "texture": "#0"},
				"west": {"uv": [0, 0, 1, 1], "texture": "#0"}
			}
		},
		{
			"from": [5, -4, 4],
			"to": [13, 0, 7],
			"rotation": {"angle": 0, "axis": "y", "origin": [13, 9, 11]},
			"faces": {
				"north": {"uv": [0, 0, 8, 8], "texture": "#0"},
				"east": {"uv": [0, 0, 3, 8], "texture": "#0"},
				"west": {"uv": [0, 0, 3, 8], "texture": "#0"},
				"up": {"uv": [0, 0, 8, 3], "texture": "#0"},
				"down": {"uv": [0, 0, 8, 3], "texture": "#0"}
			}
		},
		{
			"from": [5, -4, 13],
			"to": [13, 0, 16],
			"rotation": {"angle": 0, "axis": "y", "origin": [13, 9, 20]},
			"faces": {
				"east": {"uv": [0, 0, 3, 8], "texture": "#0"},
				"south": {"uv": [0, 0, 8, 8], "texture": "#0"},
				"west": {"uv": [0, 0, 3, 8], "texture": "#0"},
				"up": {"uv": [0, 0, 8, 3], "texture": "#0"},
				"down": {"uv": [0, 0, 8, 3], "texture": "#0"}
			}
		},
		{
			"from": [12, -9, 6],
			"to": [15, -2, 14],
			"rotation": {"angle": 0, "axis": "y", "origin": [15, 6, 17]},
			"faces": {
				"north": {"uv": [0, 0, 3, 8], "texture": "#0"},
				"east": {"uv": [0, 0, 8, 8], "texture": "#0"},
				"up": {"uv": [0, 0, 3, 8], "texture": "#0"},
				"down": {"uv": [0, 0, 3, 8], "texture": "#0"}
			}
		},
		{
			"from": [3, -4, 6],
			"to": [6, 0, 14],
			"rotation": {"angle": 0, "axis": "y", "origin": [6, 9, 17]},
			"faces": {
				"north": {"uv": [0, 0, 3, 8], "texture": "#0"},
				"south": {"uv": [0, 0, 3, 8], "texture": "#0"},
				"west": {"uv": [0, 0, 8, 8], "texture": "#0"},
				"up": {"uv": [0, 0, 3, 8], "texture": "#0"},
				"down": {"uv": [0, 0, 3, 8], "texture": "#0"}
			}
		},
		{
			"from": [4, -5, 6],
			"to": [14, -2, 14],
			"rotation": {"angle": 0, "axis": "y", "origin": [13, 3, 13]},
			"faces": {
				"north": {"uv": [0, 0, 10, 3], "texture": "#0"},
				"south": {"uv": [0, 0, 10, 3], "texture": "#0"},
				"west": {"uv": [0, 0, 8, 3], "texture": "#0"}
			}
		},
		{
			"from": [5, -5, 5],
			"to": [13, -2, 8],
			"rotation": {"angle": 0, "axis": "y", "origin": [13, 3, 12]},
			"faces": {
				"north": {"uv": [0, 0, 8, 3], "texture": "#0"},
				"east": {"uv": [0, 0, 3, 3], "texture": "#0"},
				"west": {"uv": [0, 0, 3, 3], "texture": "#0"}
			}
		},
		{
			"from": [5, -5, 12],
			"to": [13, -2, 15],
			"rotation": {"angle": 0, "axis": "y", "origin": [13, 3, 19]},
			"faces": {
				"south": {"uv": [0, 0, 8, 3], "texture": "#0"},
				"west": {"uv": [0, 0, 3, 3], "texture": "#0"}
			}
		},
		{
			"from": [4, -4, 12],
			"to": [7, 0, 15],
			"rotation": {"angle": 0, "axis": "y", "origin": [7, 4, 19]},
			"faces": {
				"south": {"uv": [0, 0, 3, 8], "texture": "#0"},
				"west": {"uv": [0, 0, 3, 8], "texture": "#0"},
				"down": {"uv": [0, 0, 3, 3], "texture": "#0"}
			}
		},
		{
			"from": [5, -4, 5],
			"to": [13, 1, 14],
			"rotation": {"angle": 0, "axis": "y", "origin": [14, 4, 12]},
			"faces": {
				"north": {"uv": [0, 0, 3, 8], "texture": "#0"},
				"east": {"uv": [0, 0, 3, 8], "texture": "#0"},
				"south": {"uv": [0, 0, 3, 8], "texture": "#0"},
				"west": {"uv": [0, 0, 3, 8], "texture": "#0"},
				"up": {"uv": [0, 0, 3, 3], "texture": "#0"}
			}
		},
		{
			"from": [11, -3, 4],
			"to": [14, 1, 6],
			"rotation": {"angle": 0, "axis": "y", "origin": [14, 4, 11]},
			"faces": {
				"north": {"uv": [0, 0, 3, 6], "texture": "#0"},
				"east": {"uv": [0, 0, 3, 6], "texture": "#0"},
				"south": {"uv": [0, 0, 3, 6], "texture": "#0"},
				"west": {"uv": [0, 0, 3, 6], "texture": "#0"},
				"up": {"uv": [0, 0, 3, 3], "texture": "#0"},
				"down": {"uv": [0, 0, 3, 3], "texture": "#0"}
			}
		},
		{
			"from": [12, -3, 5],
			"to": [15, 0, 8],
			"rotation": {"angle": 0, "axis": "y", "origin": [15, 4, 12]},
			"faces": {
				"north": {"uv": [0, 0, 3, 6], "texture": "#0"},
				"east": {"uv": [0, 0, 3, 6], "texture": "#0"},
				"south": {"uv": [0, 0, 3, 6], "texture": "#0"},
				"up": {"uv": [0, 0, 3, 3], "texture": "#0"},
				"down": {"uv": [0, 0, 3, 3], "texture": "#0"}
			}
		},
		{
			"from": [12, -9, 12],
			"to": [15, -2, 15],
			"rotation": {"angle": 0, "axis": "y", "origin": [15, 1, 19]},
			"faces": {
				"east": {"uv": [0, 0, 3, 6], "texture": "#0"},
				"south": {"uv": [0, 0, 3, 6], "texture": "#0"},
				"up": {"uv": [0, 0, 3, 3], "texture": "#0"},
				"down": {"uv": [0, 0, 3, 3], "texture": "#0"}
			}
		},
		{
			"from": [11, -3, 8],
			"to": [14, 0, 16],
			"rotation": {"angle": 0, "axis": "y", "origin": [14, 4, 20]},
			"faces": {
				"east": {"uv": [0, 0, 3, 6], "texture": "#0"},
				"south": {"uv": [0, 0, 3, 6], "texture": "#0"},
				"up": {"uv": [0, 0, 3, 3], "texture": "#0"},
				"down": {"uv": [0, 0, 3, 3], "texture": "#0"}
			}
		},
		{
			"from": [3, -3, 12],
			"to": [6, 0, 15],
			"rotation": {"angle": 0, "axis": "y", "origin": [6, 4, 19]},
			"faces": {
				"south": {"uv": [0, 0, 3, 6], "texture": "#0"},
				"west": {"uv": [0, 0, 3, 6], "texture": "#0"},
				"up": {"uv": [0, 0, 3, 3], "texture": "#0"},
				"down": {"uv": [0, 0, 3, 3], "texture": "#0"}
			}
		},
		{
			"from": [6, -5, 13],
			"to": [12, -2, 16],
			"rotation": {"angle": 0, "axis": "y", "origin": [9, -1, 20]},
			"faces": {
				"east": {"uv": [0, 0, 3, 3], "texture": "#0"},
				"south": {"uv": [0, 0, 6, 3], "texture": "#0"},
				"west": {"uv": [0, 0, 3, 3], "texture": "#0"},
				"down": {"uv": [0, 0, 6, 3], "texture": "#0"}
			}
		},
		{
			"from": [6, -5, 4],
			"to": [12, -2, 7],
			"rotation": {"angle": 0, "axis": "y", "origin": [9, -1, 11]},
			"faces": {
				"north": {"uv": [0, 0, 6, 3], "texture": "#0"},
				"east": {"uv": [0, 0, 3, 3], "texture": "#0"},
				"west": {"uv": [0, 0, 3, 3], "texture": "#0"}
			}
		},
		{
			"from": [3, -5, 7],
			"to": [6, -2, 13],
			"rotation": {"angle": 0, "axis": "y", "origin": [6, -1, 14]},
			"faces": {
				"north": {"uv": [0, 0, 3, 3], "texture": "#0"},
				"south": {"uv": [0, 0, 3, 3], "texture": "#0"},
				"west": {"uv": [0, 0, 6, 3], "texture": "#0"}
			}
		},
		{
			"from": [11, 0.3, 8.8],
			"to": [12, 1.3, 9],
			"rotation": {"angle": 22.5, "axis": "x", "origin": [19, 13, 13]},
			"faces": {
				"north": {"uv": [0, 0, 1, 1], "texture": "#3"},
				"east": {"uv": [0, 0, 0.2, 1], "texture": "#3"},
				"south": {"uv": [0, 0, 1, 1], "texture": "#3"},
				"west": {"uv": [0, 0, 0.2, 1], "texture": "#3"},
				"up": {"uv": [0, 0, 1, 0.2], "texture": "#3"},
				"down": {"uv": [0, 0, 1, 0.2], "texture": "#3"}
			}
		},
		{
			"from": [9, 1, 7.8],
			"to": [10, 2, 8],
			"rotation": {"angle": 22.5, "axis": "x", "origin": [18, 11, 13]},
			"faces": {
				"north": {"uv": [0, 0, 1, 1], "texture": "#3"},
				"east": {"uv": [0, 0, 0.2, 1], "texture": "#3"},
				"south": {"uv": [0, 0, 1, 1], "texture": "#3"},
				"west": {"uv": [0, 0, 0.2, 1], "texture": "#3"},
				"up": {"uv": [0, 0, 1, 0.2], "texture": "#3"},
				"down": {"uv": [0, 0, 1, 0.2], "texture": "#3"}
			}
		},
		{
			"from": [7.5, 0.6, 7.8],
			"to": [8.5, 1.6, 8],
			"rotation": {"angle": 22.5, "axis": "x", "origin": [17, 11, 13]},
			"faces": {
				"north": {"uv": [0, 0, 1, 1], "texture": "#3"},
				"east": {"uv": [0, 0, 0.2, 1], "texture": "#3"},
				"south": {"uv": [0, 0, 1, 1], "texture": "#3"},
				"west": {"uv": [0, 0, 0.2, 1], "texture": "#3"},
				"up": {"uv": [0, 0, 1, 0.2], "texture": "#3"},
				"down": {"uv": [0, 0, 1, 0.2], "texture": "#3"}
			}
		},
		{
			"from": [8, -3, 3.8],
			"to": [9, -2, 4],
			"rotation": {"angle": 0, "axis": "y", "origin": [15, 11, 13]},
			"faces": {
				"north": {"uv": [0, 0, 1, 1], "texture": "#3"},
				"east": {"uv": [0, 0, 0.2, 1], "texture": "#3"},
				"west": {"uv": [0, 0, 0.2, 1], "texture": "#3"},
				"up": {"uv": [0, 0, 1, 0.2], "texture": "#3"},
				"down": {"uv": [0, 0, 1, 0.2], "texture": "#3"}
			}
		},
		{
			"from": [10, -1.7, 3.8],
			"to": [11, -0.7, 4],
			"rotation": {"angle": 0, "axis": "x", "origin": [14, 13, 13]},
			"faces": {
				"north": {"uv": [0, 0, 1, 1], "texture": "#3"},
				"east": {"uv": [0, 0, 0.2, 1], "texture": "#3"},
				"west": {"uv": [0, 0, 0.2, 1], "texture": "#3"},
				"up": {"uv": [0, 0, 1, 0.2], "texture": "#3"},
				"down": {"uv": [0, 0, 1, 0.2], "texture": "#3"}
			}
		},
		{
			"from": [-1, 14, 5],
			"to": [9, 15, 15],
			"rotation": {"angle": 22.5, "axis": "z", "origin": [18, 21, 14]},
			"faces": {
				"north": {"uv": [0, 0, 10, 1], "texture": "#6"},
				"east": {"uv": [0, 0, 10, 1], "texture": "#6"},
				"south": {"uv": [0, 0, 10, 1], "texture": "#6"},
				"west": {"uv": [0, 0, 10, 1], "texture": "#6"},
				"up": {"uv": [0, 0, 10, 10], "texture": "#6"},
				"down": {"uv": [0, 0, 10, 10], "texture": "#6"}
			}
		},
		{
			"from": [0.25, 17, 7],
			"to": [6.25, 22, 13],
			"rotation": {"angle": 22.5, "axis": "z", "origin": [18, 22, 14]},
			"faces": {
				"north": {"uv": [0, 0, 6, 5], "texture": "#6"},
				"east": {"uv": [0, 0, 6, 5], "texture": "#6"},
				"south": {"uv": [0, 0, 6, 5], "texture": "#6"},
				"west": {"uv": [0, 0, 6, 5], "texture": "#6"},
				"up": {"uv": [0, 0, 6, 6], "texture": "#6"},
				"down": {"uv": [0, 0, 6, 6], "texture": "#6"}
			}
		},
		{
			"from": [1, 15, 7],
			"to": [7, 17, 13],
			"rotation": {"angle": 22.5, "axis": "z", "origin": [18, 20, 14]},
			"faces": {
				"north": {"uv": [0, 0, 6, 2], "texture": "#7"},
				"east": {"uv": [0, 0, 6, 2], "texture": "#7"},
				"south": {"uv": [0, 0, 6, 2], "texture": "#7"},
				"west": {"uv": [0, 0, 6, 2], "texture": "#7"},
				"up": {"uv": [0, 0, 6, 6], "texture": "#7"},
				"down": {"uv": [0, 0, 6, 6], "texture": "#7"}
			}
		},
		{
			"from": [4, -13, 5],
			"to": [14, -11, 15],
			"rotation": {"angle": 0, "axis": "y", "origin": [12, -5, 13]},
			"faces": {
				"north": {"uv": [0, 0, 10, 4], "texture": "#0"},
				"east": {"uv": [0, 0, 10, 4], "texture": "#0"},
				"south": {"uv": [0, 0, 10, 4], "texture": "#0"},
				"west": {"uv": [0, 0, 10, 4], "texture": "#0"},
				"down": {"uv": [0, 0, 10, 10], "texture": "#0"}
			}
		},
		{
			"from": [3, -12, 5],
			"to": [15, -10, 15],
			"rotation": {"angle": 0, "axis": "y", "origin": [12, -4, 12]},
			"faces": {
				"north": {"uv": [0, 0, 12, 4], "texture": "#0"},
				"east": {"uv": [0, 0, 10, 4], "texture": "#0"},
				"south": {"uv": [0, 0, 12, 4], "texture": "#0"},
				"west": {"uv": [0, 0, 10, 4], "texture": "#0"},
				"up": {"uv": [0, 0, 12, 10], "texture": "#0"},
				"down": {"uv": [0, 0, 12, 10], "texture": "#0"}
			}
		},
		{
			"from": [4, -12, 4],
			"to": [14, -10, 9],
			"rotation": {"angle": 0, "axis": "y", "origin": [12, -4, 11]},
			"faces": {
				"north": {"uv": [0, 0, 10, 4], "texture": "#0"},
				"east": {"uv": [0, 0, 5, 4], "texture": "#0"},
				"west": {"uv": [0, 0, 5, 4], "texture": "#0"},
				"down": {"uv": [0, 0, 10, 5], "texture": "#0"}
			}
		},
		{
			"from": [4, -12, 11],
			"to": [14, -10, 16],
			"rotation": {"angle": 0, "axis": "y", "origin": [12, -4, 18]},
			"faces": {
				"east": {"uv": [0, 0, 5, 4], "texture": "#0"},
				"south": {"uv": [0, 0, 10, 4], "texture": "#0"},
				"west": {"uv": [0, 0, 5, 4], "texture": "#0"},
				"up": {"uv": [0, 0, 10, 5], "texture": "#0"},
				"down": {"uv": [0, 0, 10, 5], "texture": "#0"}
			}
		},
		{
			"from": [2, -10, 4],
			"to": [13, -5, 15],
			"rotation": {"angle": 0, "axis": "y", "origin": [5, -3, 11]},
			"faces": {
				"north": {"uv": [0, 0, 5, 7], "texture": "#0"},
				"east": {"uv": [0, 0, 5, 7], "texture": "#0"},
				"south": {"uv": [0, 0, 5, 7], "texture": "#0"},
				"west": {"uv": [0, 0, 5, 7], "texture": "#0"},
				"up": {"uv": [0, 0, 5, 5], "texture": "#0"},
				"down": {"uv": [0, 0, 5, 5], "texture": "#0"}
			}
		},
		{
			"from": [3, -10, 3],
			"to": [8, -5, 8],
			"rotation": {"angle": 0, "axis": "y", "origin": [6, -3, 10]},
			"faces": {
				"north": {"uv": [0, 0, 5, 7], "texture": "#0"},
				"east": {"uv": [0, 0, 5, 7], "texture": "#0"},
				"west": {"uv": [0, 0, 5, 7], "texture": "#0"},
				"up": {"uv": [0, 0, 5, 5], "texture": "#0"},
				"down": {"uv": [0, 0, 5, 5], "texture": "#0"}
			}
		},
		{
			"from": [11, -10, 4],
			"to": [16, -5, 9],
			"rotation": {"angle": 0, "axis": "y", "origin": [14, -3, 11]},
			"faces": {
				"north": {"uv": [0, 0, 5, 7], "texture": "#0"},
				"east": {"uv": [0, 0, 5, 7], "texture": "#0"},
				"south": {"uv": [0, 0, 5, 7], "texture": "#0"},
				"up": {"uv": [0, 0, 5, 5], "texture": "#0"},
				"down": {"uv": [0, 0, 5, 5], "texture": "#0"}
			}
		},
		{
			"from": [3, -10, 12],
			"to": [8, -5, 17],
			"rotation": {"angle": 0, "axis": "y", "origin": [6, -3, 19]},
			"faces": {
				"east": {"uv": [0, 0, 5, 7], "texture": "#0"},
				"south": {"uv": [0, 0, 5, 7], "texture": "#0"},
				"west": {"uv": [0, 0, 5, 7], "texture": "#0"},
				"up": {"uv": [0, 0, 5, 5], "texture": "#0"},
				"down": {"uv": [0, 0, 5, 5], "texture": "#0"}
			}
		},
		{
			"from": [2, -10, 11],
			"to": [7, -5, 16],
			"rotation": {"angle": 0, "axis": "y", "origin": [5, -3, 18]},
			"faces": {
				"south": {"uv": [0, 0, 5, 7], "texture": "#0"},
				"west": {"uv": [0, 0, 5, 7], "texture": "#0"},
				"up": {"uv": [0, 0, 5, 5], "texture": "#0"},
				"down": {"uv": [0, 0, 5, 5], "texture": "#0"}
			}
		},
		{
			"from": [5, -12, 12],
			"to": [13, -10, 17],
			"rotation": {"angle": 0, "axis": "y", "origin": [8, -8, 19]},
			"faces": {
				"east": {"uv": [0, 0, 5, 4], "texture": "#0"},
				"south": {"uv": [0, 0, 8, 4], "texture": "#0"},
				"west": {"uv": [0, 0, 5, 4], "texture": "#0"},
				"up": {"uv": [0, 0, 8, 5], "texture": "#0"},
				"down": {"uv": [0, 0, 8, 5], "texture": "#0"}
			}
		},
		{
			"from": [8, -8, 15],
			"to": [13, -6, 17],
			"rotation": {"angle": 0, "axis": "y", "origin": [8, -8, 19]},
			"faces": {
				"east": {"uv": [0, 0, 5, 4], "texture": "#0"},
				"south": {"uv": [0, 0, 8, 4], "texture": "#0"},
				"up": {"uv": [0, 0, 8, 5], "texture": "#0"},
				"down": {"uv": [0, 0, 8, 5], "texture": "#0"}
			}
		},
		{
			"from": [5, 5, 15],
			"to": [6, 6, 17],
			"rotation": {"angle": 22.5, "axis": "x", "origin": [7, 14, 20]},
			"faces": {
				"north": {"uv": [0, 0, 1, 4], "texture": "#0"},
				"south": {"uv": [0, 0, 1, 4], "texture": "#0"},
				"west": {"uv": [0, 0, 1, 4], "texture": "#0"},
				"up": {"uv": [0, 0, 1, 1], "texture": "#0"}
			}
		},
		{
			"from": [5, -12, 3],
			"to": [13, -10, 8],
			"rotation": {"angle": 0, "axis": "y", "origin": [8, -8, 10]},
			"faces": {
				"north": {"uv": [0, 0, 8, 4], "texture": "#0"},
				"east": {"uv": [0, 0, 5, 4], "texture": "#0"},
				"west": {"uv": [0, 0, 5, 4], "texture": "#0"},
				"up": {"uv": [0, 0, 8, 5], "texture": "#0"},
				"down": {"uv": [0, 0, 8, 5], "texture": "#0"}
			}
		},
		{
			"from": [2, -12, 6],
			"to": [7, -10, 14],
			"rotation": {"angle": 0, "axis": "y", "origin": [5, -8, 13]},
			"faces": {
				"north": {"uv": [0, 0, 5, 4], "texture": "#0"},
				"south": {"uv": [0, 0, 5, 4], "texture": "#0"},
				"west": {"uv": [0, 0, 8, 4], "texture": "#0"},
				"down": {"uv": [0, 0, 5, 8], "texture": "#0"}
			}
		},
		{
			"from": [11, -12, 6],
			"to": [16, -10, 14],
			"rotation": {"angle": 0, "axis": "y", "origin": [14, -8, 13]},
			"faces": {
				"north": {"uv": [0, 0, 5, 4], "texture": "#0"},
				"east": {"uv": [0, 0, 8, 4], "texture": "#0"},
				"south": {"uv": [0, 0, 5, 4], "texture": "#0"},
				"up": {"uv": [0, 0, 5, 8], "texture": "#0"},
				"down": {"uv": [0, 0, 5, 8], "texture": "#0"}
			}
		},
		{
			"from": [5, -13, 4],
			"to": [13, -11, 9],
			"rotation": {"angle": 0, "axis": "y", "origin": [8, -9, 8]},
			"faces": {
				"north": {"uv": [0, 0, 8, 4], "texture": "#0"},
				"east": {"uv": [0, 0, 5, 4], "texture": "#0"},
				"west": {"uv": [0, 0, 5, 4], "texture": "#0"},
				"down": {"uv": [0, 0, 8, 5], "texture": "#0"}
			}
		},
		{
			"from": [3, -13, 6],
			"to": [8, -11, 14],
			"rotation": {"angle": 0, "axis": "y", "origin": [6, -9, 13]},
			"faces": {
				"north": {"uv": [0, 0, 5, 4], "texture": "#0"},
				"south": {"uv": [0, 0, 5, 4], "texture": "#0"},
				"west": {"uv": [0, 0, 8, 4], "texture": "#0"},
				"down": {"uv": [0, 0, 5, 8], "texture": "#0"}
			}
		},
		{
			"from": [5, -13, 11],
			"to": [13, -11, 16],
			"rotation": {"angle": 0, "axis": "y", "origin": [8, -9, 15]},
			"faces": {
				"east": {"uv": [0, 0, 5, 4], "texture": "#0"},
				"south": {"uv": [0, 0, 8, 4], "texture": "#0"},
				"west": {"uv": [0, 0, 5, 4], "texture": "#0"},
				"down": {"uv": [0, 0, 8, 5], "texture": "#0"}
			}
		},
		{
			"from": [10, -13, 6],
			"to": [15, -11, 14],
			"rotation": {"angle": 0, "axis": "y", "origin": [13, -9, 13]},
			"faces": {
				"north": {"uv": [0, 0, 5, 4], "texture": "#0"},
				"east": {"uv": [0, 0, 8, 4], "texture": "#0"},
				"south": {"uv": [0, 0, 5, 4], "texture": "#0"},
				"down": {"uv": [0, 0, 5, 8], "texture": "#0"}
			}
		},
		{
			"from": [-1, -9, 9],
			"to": [3, -7, 11],
			"rotation": {"angle": 0, "axis": "y", "origin": [10, 4, 18]},
			"faces": {
				"north": {"uv": [0, 0, 8, 4], "texture": "#2"},
				"south": {"uv": [0, 0, 8, 4], "texture": "#2"},
				"west": {"uv": [0, 4, 4, 8], "texture": "#2"},
				"up": {"uv": [0, 0, 8, 4], "texture": "#2"},
				"down": {"uv": [0, 0, 8, 4], "texture": "#2"}
			}
		},
		{
			"from": [-8.675, -4.475, 9.001],
			"to": [-1.675, -2.475, 10.999],
			"rotation": {"angle": 22.5, "axis": "z", "origin": [10, -3, 18]},
			"faces": {
				"north": {"uv": [0, 0, 16, 4], "texture": "#2"},
				"east": {"uv": [0, 4, 4, 8], "texture": "#2"},
				"south": {"uv": [0, 0, 16, 4], "texture": "#2"},
				"west": {"uv": [0, 4, 4, 8], "texture": "#2"},
				"up": {"uv": [0, 0, 16, 4], "texture": "#2"},
				"down": {"uv": [0, 0, 16, 4], "texture": "#2"}
			}
		},
		{
			"from": [20, -7, 9],
			"to": [24, -5, 11],
			"rotation": {"angle": -22.5, "axis": "z", "origin": [21, 8, 18]},
			"faces": {
				"north": {"uv": [0, 0, 10, 4], "texture": "#2"},
				"east": {"uv": [0, 4, 4, 8], "texture": "#2"},
				"south": {"uv": [0, 0, 10, 4], "texture": "#2"},
				"west": {"uv": [0, 4, 4, 8], "texture": "#2"},
				"up": {"uv": [0, 0, 10, 4], "texture": "#2"},
				"down": {"uv": [0, 0, 10, 4], "texture": "#2"}
			}
		},
		{
			"from": [18.025, -7, 9.001],
			"to": [20.3, -5, 10.999],
			"rotation": {"angle": 0, "axis": "z", "origin": [30, 7, 18]},
			"faces": {
				"north": {"uv": [0, 0, 6, 4], "texture": "#2"},
				"east": {"uv": [0, 4, 4, 8], "texture": "#2"},
				"south": {"uv": [0, 0, 6, 4], "texture": "#2"},
				"up": {"uv": [0, 0, 6, 4], "texture": "#2"},
				"down": {"uv": [0, 0, 6, 4], "texture": "#2"}
			}
		},
		{
			"from": [27, -6.75, 9],
			"to": [32, -4.75, 11],
			"rotation": {"angle": -22.5, "axis": "z", "origin": [23, 12, 18]},
			"faces": {
				"north": {"uv": [0, 0, 12, 4], "texture": "#2"},
				"east": {"uv": [0, 4, 4, 8], "texture": "#2"},
				"south": {"uv": [0, 0, 12, 4], "texture": "#2"},
				"west": {"uv": [0, 4, 4, 8], "texture": "#2"},
				"up": {"uv": [0, 0, 12, 4], "texture": "#2"},
				"down": {"uv": [0, 0, 12, 4], "texture": "#2"}
			}
		},
		{
			"from": [5, 4, 10],
			"to": [7, 6, 11],
			"rotation": {"angle": 22.5, "axis": "x", "origin": [15, 14, 12]},
			"faces": {
				"north": {"uv": [0, 0, 2, 2], "texture": "#3"},
				"south": {"uv": [0, 0, 2, 2], "texture": "#3"},
				"west": {"uv": [0, 0, 1, 2], "texture": "#3"},
				"up": {"uv": [0, 0, 2, 1], "texture": "#3"},
				"down": {"uv": [0, 0, 2, 1], "texture": "#3"}
			}
		},
		{
			"from": [10, 3, 9],
			"to": [12, 5, 10],
			"rotation": {"angle": 22.5, "axis": "x", "origin": [19, 14, 12]},
			"faces": {
				"north": {"uv": [0, 0, 2, 2], "texture": "#3"},
				"east": {"uv": [0, 0, 1, 2], "texture": "#3"},
				"west": {"uv": [0, 0, 1, 2], "texture": "#3"},
				"up": {"uv": [0, 0, 2, 1], "texture": "#3"},
				"down": {"uv": [0, 0, 2, 1], "texture": "#3"}
			}
		},
		{
			"from": [5, -5, 3],
			"to": [7, -3, 4],
			"rotation": {"angle": 0, "axis": "y", "origin": [17, 10, 11]},
			"faces": {
				"north": {"uv": [0, 0, 2, 2], "texture": "#3"},
				"east": {"uv": [0, 0, 1, 2], "texture": "#3"},
				"south": {"uv": [0, 0, 2, 2], "texture": "#3"},
				"west": {"uv": [0, 0, 1, 2], "texture": "#3"},
				"up": {"uv": [0, 0, 2, 1], "texture": "#3"}
			}
		},
		{
			"from": [8, -10, 3],
			"to": [10, -8, 4],
			"rotation": {"angle": 0, "axis": "y", "origin": [17, 7, 11]},
			"faces": {
				"north": {"uv": [0, 0, 2, 2], "texture": "#3"},
				"east": {"uv": [0, 0, 1, 2], "texture": "#3"},
				"up": {"uv": [0, 0, 2, 1], "texture": "#3"}
			}
		},
		{
			"from": [11, -13, 1],
			"to": [13, -12, 3],
			"rotation": {"angle": 0, "axis": "y", "origin": [17, 8, 11]},
			"faces": {
				"north": {"uv": [0, 0, 2, 2], "texture": "#3"},
				"east": {"uv": [0, 0, 1, 2], "texture": "#3"},
				"south": {"uv": [0, 0, 2, 2], "texture": "#3"},
				"west": {"uv": [0, 0, 1, 2], "texture": "#3"},
				"up": {"uv": [0, 0, 2, 1], "texture": "#3"},
				"down": {"uv": [0, 0, 2, 1], "texture": "#3"}
			}
		},
		{
			"from": [4, 0.3, 5.8],
			"to": [14, 2.3, 14.8],
			"rotation": {"angle": 0, "axis": "y", "origin": [14, 10, 12]},
			"faces": {
				"north": {"uv": [0, 0, 10, 2], "texture": "#7"},
				"east": {"uv": [0, 0, 9, 2], "texture": "#7"},
				"south": {"uv": [0, 0, 10, 2], "texture": "#7"},
				"west": {"uv": [0, 0, 9, 2], "texture": "#7"},
				"up": {"uv": [0, 0, 10, 9], "texture": "#7"},
				"down": {"uv": [0, 0, 10, 9], "texture": "#7"}
			}
		},
		{
			"from": [5, 0.3, 14.8],
			"to": [13, 2.3, 15.8],
			"rotation": {"angle": 0, "axis": "x", "origin": [14, 10, 21]},
			"faces": {
				"east": {"uv": [0, 0, 1, 2], "texture": "#7"},
				"south": {"uv": [0, 0, 8, 2], "texture": "#7"},
				"west": {"uv": [0, 0, 1, 2], "texture": "#7"},
				"up": {"uv": [0, 0, 8, 1], "texture": "#7"},
				"down": {"uv": [0, 0, 8, 1], "texture": "#7"}
			}
		},
		{
			"from": [3, 0.3, 6.8],
			"to": [4, 2.3, 13.8],
			"rotation": {"angle": 0, "axis": "y", "origin": [12, 10, 19]},
			"faces": {
				"north": {"uv": [0, 0, 1, 2], "texture": "#7"},
				"south": {"uv": [0, 0, 1, 2], "texture": "#7"},
				"west": {"uv": [0, 0, 7, 2], "texture": "#7"},
				"up": {"uv": [0, 0, 1, 7], "texture": "#7"},
				"down": {"uv": [0, 0, 1, 7], "texture": "#7"}
			}
		},
		{
			"from": [14, 1.3, 6.8],
			"to": [15, 3.3, 13.8],
			"rotation": {"angle": 0, "axis": "x", "origin": [23, 10, 19]},
			"faces": {
				"north": {"uv": [0, 0, 1, 2], "texture": "#7"},
				"east": {"uv": [0, 0, 7, 2], "texture": "#7"},
				"south": {"uv": [0, 0, 1, 2], "texture": "#7"},
				"west": {"uv": [0, 0, 7, 2], "texture": "#7"},
				"up": {"uv": [0, 0, 1, 7], "texture": "#7"},
				"down": {"uv": [0, 0, 1, 7], "texture": "#7"}
			}
		},
		{
			"from": [2, -0.7, 6.8],
			"to": [3, 2.3, 8.8],
			"rotation": {"angle": 0, "axis": "y", "origin": [6, 9, 14]},
			"faces": {
				"north": {"uv": [0, 0, 1, 2], "texture": "#7"},
				"east": {"uv": [0, 0, 2, 2], "texture": "#7"},
				"south": {"uv": [0, 0, 1, 2], "texture": "#7"},
				"west": {"uv": [0, 0, 2, 2], "texture": "#7"},
				"up": {"uv": [0, 0, 1, 2], "texture": "#7"},
				"down": {"uv": [0, 0, 1, 2], "texture": "#7"}
			}
		},
		{
			"from": [1, -6.7, 6.8],
			"to": [2, -0.7, 8.8],
			"rotation": {"angle": 0, "axis": "y", "origin": [5, 8, 14]},
			"faces": {
				"north": {"uv": [0, 0, 1, 5], "texture": "#7"},
				"east": {"uv": [0, 0, 2, 5], "texture": "#7"},
				"south": {"uv": [0, 0, 1, 5], "texture": "#7"},
				"west": {"uv": [0, 0, 2, 5], "texture": "#7"},
				"up": {"uv": [0, 0, 1, 2], "texture": "#7"},
				"down": {"uv": [0, 0, 1, 2], "texture": "#7"}
			}
		},
		{
			"from": [9, 2, 1],
			"to": [9.1, 6, 11],
			"rotation": {"angle": 0, "axis": "x", "origin": [17, 8, 18]},
			"faces": {
				"north": {"uv": [0, 0, 2, 2], "texture": "#4"},
				"east": {"uv": [0, 0, 16, 16], "rotation": 270, "texture": "#4"},
				"south": {"uv": [0, 0, 2, 2], "texture": "#4"},
				"west": {"uv": [16, 0, 0, 16], "rotation": 90, "texture": "#4"},
				"up": {"uv": [0, 0, 2, 5], "texture": "#4"},
				"down": {"uv": [0, 0, 2, 5], "texture": "#4"}
			}
		}
	],
	"display": {
		"head": {
			"translation": [-1.25, -15, -2.75],
			"scale": [1.35, 1.35, 1.35]
		}
	},
	"groups": [
		{
			"name": "group",
			"origin": [14, 33, 15],
			"color": 0,
			"children": [0, 1, 2, 3, 4, 5, 6, 7, 8, 9, 10]
		},
		{
			"name": "group",
			"origin": [14, 33, 15],
			"color": 0,
			"children": [11, 12, 13, 14, 15, 16, 17, 18, 19, 20, 21, 22, 23, 24, 25, 26, 27, 28, 29, 30, 31, 32, 33, 34, 35]
		},
		{
			"name": "group",
			"origin": [14, 33, 15],
			"color": 0,
			"children": [36, 37, 38, 39, 40, 41, 42, 43, 44, 45, 46, 47, 48, 49, 50, 51, 52, 53, 54, 55, 56, 57, 58, 59, 60, 61, 62, 63, 64, 65, 66, 67, 68, 69, 70]
		}
	]
}