{
      "item.howling_thunder.unsheathe": {
           "sounds":[
               {
                 "name": "ppg:item/howling_thunder/unsheathe",
                 "volume": 0.5
               }
           ]
      },
      "item.howling_thunder.zap": {
           "sounds":[
               {
                 "name": "ppg:item/howling_thunder/zap",
                 "volume": 0.5
               }
           ]
      },
      "item.ender_spitfire.bite": {
           "sounds":[
               {
                 "name": "ppg:item/ender_spitfire/bite1",
                 "volume": 1
               },
               {
                 "name": "ppg:item/ender_spitfire/bite2",
                 "volume": 1
               }
           ]
      },
      "item.emerald_justice.charge": {
           "sounds":[
               {
                 "name": "ppg:item/emerald_justice/charge",
                 "volume": 1
               }
           ]
      },
      "item.emerald_justice.blast": {
           "sounds":[
               {
                 "name": "ppg:item/emerald_justice/blast",
                 "volume": 1
               }
           ]
      }
}
