{
    "parent": "item/generated",
    "display": {
      "thirdperson_righthand": {
          "rotation": [ -90, 90, 0 ],
          "translation": [ 0, -2, 0.5 ],
          "scale": [ 0.5, 0.5, 0.5 ]
      },
      "thirdperson_lefthand": {
          "rotation": [ -90, -90, 0 ],
          "translation": [ 0, -2, 0.5 ],
          "scale": [ 0.5, 0.5, 0.5 ]
      },
      "firstperson_righthand": {
          "rotation": [ -90, 0, 0 ],
          "translation": [ 1, 1, -1 ],
          "scale": [ 0.75, 0.75, 0.75 ]
      },
      "firstperson_lefthand": {
          "rotation": [ 90, 0, 180 ],
          "translation": [ 1, 1, -1 ],
          "scale": [ 0.75, 0.75, 0.75 ]
      }
    },
    "textures": {
        "layer0": "ppg:item/we/iron_knuckles"
    }
}
