{
	"credit": "Made with Blockbench",
	"textures": {
		"0": "tasty_supplies:block/cutting_board",
		"particle": "tasty_supplies:block/cutting_board"
	},
	"elements": [
		{
			"from": [10, 0, 12],
			"to": [15, 1, 15],
			"rotation": {"angle": 0, "axis": "y", "origin": [8, 0.5, 8]},
			"faces": {
				"north": {"uv": [12, 1, 13, 6], "rotation": 90, "texture": "#0"},
				"east": {"uv": [15, 1, 12, 2], "texture": "#0"},
				"south": {"uv": [14, 1, 15, 6], "rotation": 90, "texture": "#0"},
				"west": {"uv": [12, 5, 15, 6], "texture": "#0"},
				"up": {"uv": [12, 1, 15, 6], "rotation": 90, "texture": "#0"},
				"down": {"uv": [12, 1, 15, 6], "rotation": 270, "texture": "#0"}
			}
		},
		{
			"from": [6, 0, 13],
			"to": [10, 1, 15],
			"rotation": {"angle": 0, "axis": "y", "origin": [8, 0.5, 8]},
			"faces": {
				"north": {"uv": [14, 10, 13, 6], "rotation": 90, "texture": "#0"},
				"east": {"uv": [15, 6, 13, 7], "texture": "#0"},
				"south": {"uv": [14, 6, 15, 10], "rotation": 90, "texture": "#0"},
				"west": {"uv": [13, 9, 15, 10], "texture": "#0"},
				"up": {"uv": [13, 6, 15, 10], "rotation": 90, "texture": "#0"},
				"down": {"uv": [13, 6, 15, 10], "rotation": 270, "texture": "#0"}
			}
		},
		{
			"from": [1, 0, 12],
			"to": [6, 1, 15],
			"rotation": {"angle": 0, "axis": "y", "origin": [8, 0.5, 8]},
			"faces": {
				"north": {"uv": [12, 10, 13, 15], "rotation": 90, "texture": "#0"},
				"east": {"uv": [15, 10, 12, 11], "texture": "#0"},
				"south": {"uv": [14, 10, 15, 15], "rotation": 90, "texture": "#0"},
				"west": {"uv": [12, 14, 15, 15], "texture": "#0"},
				"up": {"uv": [12, 10, 15, 15], "rotation": 90, "texture": "#0"},
				"down": {"uv": [12, 10, 15, 15], "rotation": 270, "texture": "#0"}
			}
		},
		{
			"from": [1, 0, 1],
			"to": [15, 1, 12],
			"rotation": {"angle": 0, "axis": "y", "origin": [8, 0.5, 8]},
			"faces": {
				"north": {"uv": [11, 15, 12, 1], "rotation": 90, "texture": "#0"},
				"east": {"uv": [12, 2, 1, 1], "texture": "#0"},
				"south": {"uv": [1, 1, 2, 15], "rotation": 90, "texture": "#0"},
				"west": {"uv": [1, 14, 12, 15], "texture": "#0"},
				"up": {"uv": [1, 1, 12, 15], "rotation": 90, "texture": "#0"},
				"down": {"uv": [1, 1, 12, 15], "rotation": 270, "texture": "#0"}
			}
		}
	],
	"gui_light": "front",
	"display": {
		"thirdperson_righthand": {
			"rotation": [-135, 0, 90],
			"translation": [-3.5, 1.5, 0],
			"scale": [0.5, 0.5, 0.5]
		},
		"thirdperson_lefthand": {
			"rotation": [-135, 0, 90],
			"translation": [-3.5, 1.5, 0],
			"scale": [0.5, 0.5, 0.5]
		},
		"firstperson_righthand": {
			"rotation": [-90, 0, 90]
		},
		"firstperson_lefthand": {
			"rotation": [-90, 0, 90]
		},
		"ground": {
			"rotation": [0, 180, 0],
			"translation": [0, 2.5, 0],
			"scale": [0.5, 0.5, 0.5]
		},
		"gui": {
			"rotation": [22.5, -135, 0],
			"translation": [0, 1, 0],
			"scale": [0.75, 0.75, 0.75]
		},
		"head": {
			"rotation": [0, 180, 0],
			"translation": [0, 13.75, 0]
		},
		"fixed": {
			"rotation": [0, 180, 0]
		}
	},
	"groups": [
		{
			"name": "group",
			"origin": [10.25, 0.5, 8],
			"color": 0,
			"children": [0, 1, 2, 3]
		}
	]
}