{
  "parent": "minecraft:item/handheld",
  "textures": {
    "layer0": "minecraft:item/netherite_sword"
  },
  "overrides": [
    {
      "predicate": {
        "custom_model_data": 529000
      },
      "model": "ppg:item/we/netherite_naginata"
    },
    {
      "predicate": {
        "custom_model_data": 529001
      },
      "model": "ppg:item/we/netherite_greatsword"
    },
    {
      "predicate": {
        "custom_model_data": 529003
      },
      "model": "ppg:item/we/netherite_dao"
    },
    {
      "predicate": {
        "custom_model_data": 529004
      },
      "model": "ppg:item/we/netherite_twinblade"
    },
    {
      "predicate": {
        "custom_model_data": 529005
      },
      "model": "ppg:item/we/netherite_twinblade_spinning"
    },
    {
      "predicate": {
        "custom_model_data": 529006
      },
      "model": "ppg:item/we/netherite_twinblade_spinning_faster"
    },
    {
      "predicate": {
        "custom_model_data": 529007
      },
      "model": "ppg:item/we/netherite_twinblade_heavy"
    },
    {
      "predicate": {
        "custom_model_data": 529024
      },
      "model": "ppg:item/rw/howling_thunder_sheathed"
    },
    {
      "predicate": {
        "custom_model_data": 529025
      },
      "model": "ppg:item/rw/howling_thunder"
    },
    {
      "predicate": {
        "custom_model_data": 529026
      },
      "model": "ppg:item/rw/sheltered_malice_closed"
    },
    {
      "predicate": {
        "custom_model_data": 529027
      },
      "model": "ppg:item/rw/sheltered_malice_open"
    },
    {
      "predicate": {
        "custom_model_data": 529028
      },
      "model": "ppg:item/rw/dragonslayer"
    },
    {
      "predicate": {
        "custom_model_data": 529029
      },
      "model": "ppg:item/rw/emerald_justice"
    },
    {
      "predicate": {
        "custom_model_data": 529030
      },
      "model": "ppg:item/rw/emerald_justice_charged"
    },
    {
      "predicate": {
        "custom_model_data": 529031
      },
      "model": "ppg:item/rw/emerald_justice_casting"
    },
    {
      "predicate": {
        "custom_model_data": 529032
      },
      "model": "ppg:item/rw/windrider"
    }
  ]
}
