{
    "parent": "builtin/entity",
    "gui_light": "front",
    "textures": {
        "particle": "block/dark_oak_planks"
    },
    "display": {
        "thirdperson_righthand": {
            "rotation": [ 0, 90, 0 ],
            "translation": [ 10, 6, -4 ],
            "scale": [ 1, 1, 1 ]
        },
        "thirdperson_lefthand": {
            "rotation": [ 0, 90, 0 ],
            "translation": [ 10, 6, 12 ],
            "scale": [ 1, 1, 1 ]
        },
        "firstperson_righthand": {
            "rotation": [ 0, 180, 5 ],
            "translation": [ -10, 2, -10 ],
            "scale": [ 1.25, 1.25, 1.25 ]
        },
        "firstperson_lefthand": {
            "rotation": [ 0, 180, 5 ],
            "translation": [ 10, 0, -10 ],
            "scale": [ 1.25, 1.25, 1.25 ]
        },
        "gui": {
            "rotation": [ 15, -25, -5 ],
            "translation": [ 2, 3, 0 ],
            "scale": [ 0.65, 0.65, 0.65 ]
        },
        "fixed": {
            "rotation": [ 0, 180, 0 ],
            "translation": [ -4.5, 4.5, -5],
            "scale":[ 0.55, 0.55, 0.55]
        },
        "ground": {
            "rotation": [ 0, 0, 0 ],
            "translation": [ 2, 4, 2],
            "scale":[ 0.25, 0.25, 0.25]
        }
    },
    "overrides": [
        {
            "predicate": {
                "blocking": 1
            },
            "model": "item/shield_blocking"
        },
        {
          "predicate": {
            "custom_model_data": 529000
          },
          "model": "ppg:item/we/wooden_guardblade"
        },
        {
          "predicate": {
            "custom_model_data": 529000,
            "blocking": 1
          },
          "model": "ppg:item/we/wooden_guardblade_blocking"
        },
        {
          "predicate": {
            "custom_model_data": 529001
          },
          "model": "ppg:item/we/stone_guardblade"
        },
        {
          "predicate": {
            "custom_model_data": 529001,
            "blocking": 1
          },
          "model": "ppg:item/we/stone_guardblade_blocking"
        },
        {
          "predicate": {
            "custom_model_data": 529002
          },
          "model": "ppg:item/we/golden_guardblade"
        },
        {
          "predicate": {
            "custom_model_data": 529002,
            "blocking": 1
          },
          "model": "ppg:item/we/golden_guardblade_blocking"
        },
        {
          "predicate": {
            "custom_model_data": 529003
          },
          "model": "ppg:item/we/iron_guardblade"
        },
        {
          "predicate": {
            "custom_model_data": 529003,
            "blocking": 1
          },
          "model": "ppg:item/we/iron_guardblade_blocking"
        },
        {
          "predicate": {
            "custom_model_data": 529004
          },
          "model": "ppg:item/we/diamond_guardblade"
        },
        {
          "predicate": {
            "custom_model_data": 529004,
            "blocking": 1
          },
          "model": "ppg:item/we/diamond_guardblade_blocking"
        },
        {
          "predicate": {
            "custom_model_data": 529005
          },
          "model": "ppg:item/we/netherite_guardblade"
        },
        {
          "predicate": {
            "custom_model_data": 529005,
            "blocking": 1
          },
          "model": "ppg:item/we/netherite_guardblade_blocking"
        }
    ]
}
