{
  "parent": "minecraft:item/handheld",
  "textures": {
    "layer0": "minecraft:item/wooden_sword"
  },
  "overrides": [
    {
      "predicate": {
        "custom_model_data": 529000
      },
      "model": "ppg:item/we/wooden_naginata"
    },
    {
      "predicate": {
        "custom_model_data": 529001
      },
      "model": "ppg:item/we/wooden_greatsword"
    },
    {
      "predicate": {
        "custom_model_data": 529003
      },
      "model": "ppg:item/we/wooden_dao"
    },
    {
      "predicate": {
        "custom_model_data": 529004
      },
      "model": "ppg:item/we/wooden_twinblade"
    },
    {
      "predicate": {
        "custom_model_data": 529005
      },
      "model": "ppg:item/we/wooden_twinblade_spinning"
    },
    {
      "predicate": {
        "custom_model_data": 529006
      },
      "model": "ppg:item/we/wooden_twinblade_spinning_faster"
    },
    {
      "predicate": {
        "custom_model_data": 529007
      },
      "model": "ppg:item/we/wooden_twinblade_heavy"
    },
    {
      "predicate": {
        "custom_model_data": 529010
      },
      "model": "ppg:item/we/khopesh"
    }
  ]
}
