{
    "parent": "minecraft:item/handheld",
    "textures": {
      "layer0": "minecraft:item/wooden_hoe"
    },
    "overrides": [
      { "predicate": { "custom_model_data": 2750009 }, "model": "tasty_supplies:item/diamond_knife" },
      { "predicate": { "custom_model_data": 2750010 }, "model": "tasty_supplies:item/flint_knife" },
      { "predicate": { "custom_model_data": 2750011 }, "model": "tasty_supplies:item/golden_knife" },
      { "predicate": { "custom_model_data": 2750012 }, "model": "tasty_supplies:item/iron_knife" },
      { "predicate": { "custom_model_data": 2750013 }, "model": "tasty_supplies:item/netherite_knife" }
    ]
}