{
	"credit": "Made with Blockbench",
	"ambientocclusion": false,
	"textures": {
		"0": "blonky/blonky",
		"particle": "blonky/blonky"
	},
	"elements": [
		{
			"from": [12, 6, -7],
			"to": [15, 7, 17],
			"rotation": {"angle": 0, "axis": "y", "origin": [0, 0, 3]},
			"faces": {
				"north": {"uv": [1, 6.28571, 4, 7.28571], "texture": "#0"},
				"east": {"uv": [0, 4.28571, 16, 5.28571], "texture": "#0"},
				"south": {"uv": [0, 2.28571, 3, 3.28571], "texture": "#0"},
				"west": {"uv": [0, 3.14286, 16, 4.14286], "texture": "#0"},
				"up": {"uv": [1.42857, 0, 4.42857, 16], "texture": "#0"},
				"down": {"uv": [0.57143, 0, 3.57143, 16], "texture": "#0"}
			}
		},
		{
			"from": [8, 6, -9],
			"to": [11, 7, 19],
			"rotation": {"angle": 0, "axis": "y", "origin": [0, 0, 3]},
			"faces": {
				"north": {"uv": [1, 6.28571, 4, 7.28571], "texture": "#0"},
				"east": {"uv": [0, 4.28571, 16, 5.28571], "texture": "#0"},
				"south": {"uv": [0, 2.28571, 3, 3.28571], "texture": "#0"},
				"west": {"uv": [0, 3.14286, 16, 4.14286], "texture": "#0"},
				"up": {"uv": [1.42857, 0, 4.42857, 16], "texture": "#0"},
				"down": {"uv": [0.57143, 0, 3.57143, 16], "texture": "#0"}
			}
		},
		{
			"from": [0, 6, -7],
			"to": [3, 7, 17],
			"rotation": {"angle": 0, "axis": "y", "origin": [0, 0, 3]},
			"faces": {
				"north": {"uv": [1, 6.28571, 4, 7.28571], "texture": "#0"},
				"east": {"uv": [0, 4.28571, 16, 5.28571], "texture": "#0"},
				"south": {"uv": [0, 2.28571, 3, 3.28571], "texture": "#0"},
				"west": {"uv": [0, 3.14286, 16, 4.14286], "texture": "#0"},
				"up": {"uv": [1.42857, 0, 4.42857, 16], "texture": "#0"},
				"down": {"uv": [0.57143, 0, 3.57143, 16], "texture": "#0"}
			}
		},
		{
			"from": [-1, 5, -13],
			"to": [0, 7, 24],
			"rotation": {"angle": 0, "axis": "y", "origin": [0, 0, 3]},
			"faces": {
				"north": {"uv": [1, 6.28571, 2, 8.28571], "texture": "#0"},
				"east": {"uv": [0, 4.28571, 16, 6.28571], "texture": "#0"},
				"south": {"uv": [0, 2.28571, 1, 4.28571], "texture": "#0"},
				"west": {"uv": [0, 3.14286, 16, 5.14286], "texture": "#0"},
				"up": {"uv": [1.42857, 0, 2.42857, 16], "texture": "#0"},
				"down": {"uv": [0.57143, 0, 1.57143, 16], "texture": "#0"}
			}
		},
		{
			"from": [-1, 0, -11],
			"to": [1, 1, 23],
			"rotation": {"angle": 0, "axis": "y", "origin": [0, 0, 3]},
			"faces": {
				"north": {"uv": [1, 6.28571, 3, 7.28571], "texture": "#0"},
				"east": {"uv": [0, 4.28571, 16, 5.28571], "texture": "#0"},
				"south": {"uv": [0, 2.28571, 2, 3.28571], "texture": "#0"},
				"west": {"uv": [0, 3.14286, 16, 4.14286], "texture": "#0"},
				"up": {"uv": [1.42857, 0, 3.42857, 16], "texture": "#0"},
				"down": {"uv": [0.57143, 0, 2.57143, 16], "texture": "#0"}
			}
		},
		{
			"from": [-1, -5, -13],
			"to": [1, -4, -10],
			"rotation": {"angle": 22.5, "axis": "x", "origin": [0, 0, 3]},
			"faces": {
				"north": {"uv": [1, 6.28571, 3, 7.28571], "texture": "#0"},
				"east": {"uv": [0, 4.28571, 3, 5.28571], "texture": "#0"},
				"south": {"uv": [0, 2.28571, 2, 3.28571], "texture": "#0"},
				"west": {"uv": [0, 3.14286, 3, 4.14286], "texture": "#0"},
				"up": {"uv": [1.42857, 0, 3.42857, 3], "texture": "#0"},
				"down": {"uv": [0.57143, 0, 2.57143, 3], "texture": "#0"}
			}
		},
		{
			"from": [-1, -7, 21],
			"to": [1, -6, 24],
			"rotation": {"angle": -22.5, "axis": "x", "origin": [0, 0, 3]},
			"faces": {
				"north": {"uv": [1, 6.28571, 3, 7.28571], "texture": "#0"},
				"east": {"uv": [0, 4.28571, 3, 5.28571], "texture": "#0"},
				"south": {"uv": [0, 2.28571, 2, 3.28571], "texture": "#0"},
				"west": {"uv": [0, 3.14286, 3, 4.14286], "texture": "#0"},
				"up": {"uv": [1.42857, 0, 3.42857, 3], "texture": "#0"},
				"down": {"uv": [0.57143, 0, 2.57143, 3], "texture": "#0"}
			}
		},
		{
			"from": [-1, -0.5, -15.25],
			"to": [1, 4.5, -14.25],
			"rotation": {"angle": 22.5, "axis": "x", "origin": [0, 0, 3]},
			"faces": {
				"north": {"uv": [1, 6.28571, 3, 12.28571], "rotation": 180, "texture": "#0"},
				"east": {"uv": [0, 4.28571, 6, 5.28571], "rotation": 90, "texture": "#0"},
				"south": {"uv": [0, 2.28571, 2, 8.28571], "texture": "#0"},
				"west": {"uv": [0, 3.14286, 6, 4.14286], "rotation": 270, "texture": "#0"},
				"up": {"uv": [1.42857, 0, 3.42857, 1], "texture": "#0"},
				"down": {"uv": [0.57143, 0, 2.57143, 1], "rotation": 180, "texture": "#0"}
			}
		},
		{
			"from": [-1, -2.5, 24.75],
			"to": [1, 2.5, 25.75],
			"rotation": {"angle": -22.5, "axis": "x", "origin": [0, 0, 3]},
			"faces": {
				"north": {"uv": [1, 6.28571, 3, 12.28571], "rotation": 180, "texture": "#0"},
				"east": {"uv": [0, 4.28571, 6, 5.28571], "rotation": 90, "texture": "#0"},
				"south": {"uv": [0, 2.28571, 2, 8.28571], "texture": "#0"},
				"west": {"uv": [0, 3.14286, 6, 4.14286], "rotation": 270, "texture": "#0"},
				"up": {"uv": [1.42857, 0, 3.42857, 1], "texture": "#0"},
				"down": {"uv": [0.57143, 0, 2.57143, 1], "rotation": 180, "texture": "#0"}
			}
		},
		{
			"from": [14, -0.5, -15.25],
			"to": [16, 4.5, -14.25],
			"rotation": {"angle": 22.5, "axis": "x", "origin": [0, 0, 3]},
			"faces": {
				"north": {"uv": [1, 6.28571, 3, 12.28571], "rotation": 180, "texture": "#0"},
				"east": {"uv": [0, 4.28571, 6, 5.28571], "rotation": 90, "texture": "#0"},
				"south": {"uv": [0, 2.28571, 2, 8.28571], "texture": "#0"},
				"west": {"uv": [0, 3.14286, 6, 4.14286], "rotation": 270, "texture": "#0"},
				"up": {"uv": [1.42857, 0, 3.42857, 1], "texture": "#0"},
				"down": {"uv": [0.57143, 0, 2.57143, 1], "rotation": 180, "texture": "#0"}
			}
		},
		{
			"from": [-1, 2, -14],
			"to": [1, 6.8, -13],
			"rotation": {"angle": 0, "axis": "x", "origin": [0, 0, 3]},
			"faces": {
				"north": {"uv": [1, 6.28571, 3, 11.08571], "texture": "#0"},
				"east": {"uv": [0, 4.28571, 1, 9.08571], "texture": "#0"},
				"south": {"uv": [0, 2.28571, 2, 7.08571], "texture": "#0"},
				"west": {"uv": [0, 3.14286, 1, 7.94286], "texture": "#0"},
				"up": {"uv": [1.42857, 0, 3.42857, 1], "texture": "#0"},
				"down": {"uv": [0.57143, 0, 2.57143, 1], "texture": "#0"}
			}
		},
		{
			"from": [-1, 2, 24],
			"to": [1, 6.8, 25],
			"rotation": {"angle": 0, "axis": "x", "origin": [0, 0, 3]},
			"faces": {
				"north": {"uv": [1, 6.28571, 3, 11.08571], "texture": "#0"},
				"east": {"uv": [0, 4.28571, 1, 9.08571], "texture": "#0"},
				"south": {"uv": [0, 2.28571, 2, 7.08571], "texture": "#0"},
				"west": {"uv": [0, 3.14286, 1, 7.94286], "texture": "#0"},
				"up": {"uv": [1.42857, 0, 3.42857, 1], "texture": "#0"},
				"down": {"uv": [0.57143, 0, 2.57143, 1], "texture": "#0"}
			}
		},
		{
			"from": [14, -2.5, 24.75],
			"to": [16, 2.5, 25.75],
			"rotation": {"angle": -22.5, "axis": "x", "origin": [15, 0, 3]},
			"faces": {
				"north": {"uv": [1, 6.28571, 3, 12.28571], "rotation": 180, "texture": "#0"},
				"east": {"uv": [0, 4.28571, 6, 5.28571], "rotation": 90, "texture": "#0"},
				"south": {"uv": [0, 2.28571, 2, 8.28571], "texture": "#0"},
				"west": {"uv": [0, 3.14286, 6, 4.14286], "rotation": 270, "texture": "#0"},
				"up": {"uv": [1.42857, 0, 3.42857, 1], "texture": "#0"},
				"down": {"uv": [0.57143, 0, 2.57143, 1], "rotation": 180, "texture": "#0"}
			}
		},
		{
			"from": [14, 2, 24],
			"to": [16, 6.8, 25],
			"rotation": {"angle": 0, "axis": "x", "origin": [15, 0, 3]},
			"faces": {
				"north": {"uv": [1, 6.28571, 3, 11.08571], "texture": "#0"},
				"east": {"uv": [0, 4.28571, 1, 9.08571], "texture": "#0"},
				"south": {"uv": [0, 2.28571, 2, 7.08571], "texture": "#0"},
				"west": {"uv": [0, 3.14286, 1, 7.94286], "texture": "#0"},
				"up": {"uv": [1.42857, 0, 3.42857, 1], "texture": "#0"},
				"down": {"uv": [0.57143, 0, 2.57143, 1], "texture": "#0"}
			}
		},
		{
			"from": [14, -7, 21],
			"to": [16, -6, 24],
			"rotation": {"angle": -22.5, "axis": "x", "origin": [15, 0, 3]},
			"faces": {
				"north": {"uv": [1, 6.28571, 3, 7.28571], "texture": "#0"},
				"east": {"uv": [0, 4.28571, 3, 5.28571], "texture": "#0"},
				"south": {"uv": [0, 2.28571, 2, 3.28571], "texture": "#0"},
				"west": {"uv": [0, 3.14286, 3, 4.14286], "texture": "#0"},
				"up": {"uv": [1.42857, 0, 3.42857, 3], "texture": "#0"},
				"down": {"uv": [0.57143, 0, 2.57143, 3], "texture": "#0"}
			}
		},
		{
			"from": [14, 2, -14],
			"to": [16, 6.8, -13],
			"rotation": {"angle": 0, "axis": "x", "origin": [0, 0, 3]},
			"faces": {
				"north": {"uv": [1, 6.28571, 3, 11.08571], "texture": "#0"},
				"east": {"uv": [0, 4.28571, 1, 9.08571], "texture": "#0"},
				"south": {"uv": [0, 2.28571, 2, 7.08571], "texture": "#0"},
				"west": {"uv": [0, 3.14286, 1, 7.94286], "texture": "#0"},
				"up": {"uv": [1.42857, 0, 3.42857, 1], "texture": "#0"},
				"down": {"uv": [0.57143, 0, 2.57143, 1], "texture": "#0"}
			}
		},
		{
			"from": [14, -5, -13],
			"to": [16, -4, -10],
			"rotation": {"angle": 22.5, "axis": "x", "origin": [15, 0, 3]},
			"faces": {
				"north": {"uv": [1, 6.28571, 3, 7.28571], "texture": "#0"},
				"east": {"uv": [0, 4.28571, 3, 5.28571], "texture": "#0"},
				"south": {"uv": [0, 2.28571, 2, 3.28571], "texture": "#0"},
				"west": {"uv": [0, 3.14286, 3, 4.14286], "texture": "#0"},
				"up": {"uv": [1.42857, 0, 3.42857, 3], "texture": "#0"},
				"down": {"uv": [0.57143, 0, 2.57143, 3], "texture": "#0"}
			}
		},
		{
			"from": [14, 0, -11],
			"to": [16, 1, 23],
			"rotation": {"angle": 0, "axis": "y", "origin": [0, 0, 3]},
			"faces": {
				"north": {"uv": [1, 6.28571, 3, 7.28571], "texture": "#0"},
				"east": {"uv": [0, 4.28571, 16, 5.28571], "texture": "#0"},
				"south": {"uv": [0, 2.28571, 2, 3.28571], "texture": "#0"},
				"west": {"uv": [0, 3.14286, 16, 4.14286], "texture": "#0"},
				"up": {"uv": [1.42857, 0, 3.42857, 16], "texture": "#0"},
				"down": {"uv": [0.57143, 0, 2.57143, 16], "texture": "#0"}
			}
		},
		{
			"from": [15, 5, -13],
			"to": [16, 7, 24],
			"rotation": {"angle": 0, "axis": "y", "origin": [0, 0, 3]},
			"faces": {
				"north": {"uv": [1, 6.28571, 2, 8.28571], "texture": "#0"},
				"east": {"uv": [0, 4.28571, 16, 6.28571], "texture": "#0"},
				"south": {"uv": [0, 2.28571, 1, 4.28571], "texture": "#0"},
				"west": {"uv": [0, 3.14286, 16, 5.14286], "texture": "#0"},
				"up": {"uv": [1.42857, 0, 2.42857, 16], "texture": "#0"},
				"down": {"uv": [0.57143, 0, 1.57143, 16], "texture": "#0"}
			}
		},
		{
			"from": [4, 6, -9],
			"to": [7, 7, 19],
			"rotation": {"angle": 0, "axis": "y", "origin": [0, 0, 3]},
			"faces": {
				"north": {"uv": [1, 6.28571, 4, 7.28571], "texture": "#0"},
				"east": {"uv": [0, 4.28571, 16, 5.28571], "texture": "#0"},
				"south": {"uv": [0, 2.28571, 3, 3.28571], "texture": "#0"},
				"west": {"uv": [0, 3.14286, 16, 4.14286], "texture": "#0"},
				"up": {"uv": [1.42857, 0, 4.42857, 16], "texture": "#0"},
				"down": {"uv": [0.57143, 0, 3.57143, 16], "texture": "#0"}
			}
		},
		{
			"from": [-1, 1, -9],
			"to": [0, 5, -7],
			"rotation": {"angle": 0, "axis": "y", "origin": [0, 0, 3]},
			"faces": {
				"north": {"uv": [1, 6.28571, 2, 11.28571], "texture": "#0"},
				"east": {"uv": [0, 4.28571, 2, 9.28571], "texture": "#0"},
				"south": {"uv": [0, 2.28571, 1, 7.28571], "texture": "#0"},
				"west": {"uv": [0, 3.14286, 2, 8.14286], "texture": "#0"},
				"up": {"uv": [1.42857, 0, 2.42857, 2], "texture": "#0"},
				"down": {"uv": [0.57143, 0, 1.57143, 2], "texture": "#0"}
			}
		},
		{
			"from": [-1, 2, -7],
			"to": [2, 5, -6],
			"rotation": {"angle": 0, "axis": "y", "origin": [0, 0, 3]},
			"faces": {
				"north": {"uv": [1, 6.28571, 4, 9.28571], "texture": "#0"},
				"east": {"uv": [0, 4.28571, 1, 7.28571], "texture": "#0"},
				"south": {"uv": [0, 2.28571, 3, 5.28571], "texture": "#0"},
				"west": {"uv": [0, 3.14286, 1, 6.14286], "texture": "#0"},
				"up": {"uv": [1.42857, 0, 4.42857, 1], "texture": "#0"},
				"down": {"uv": [0.57143, 0, 3.57143, 1], "texture": "#0"}
			}
		},
		{
			"from": [2, 3, -7],
			"to": [4, 5, -6],
			"rotation": {"angle": 0, "axis": "y", "origin": [0, 0, 3]},
			"faces": {
				"north": {"uv": [1, 6.28571, 3, 8.28571], "texture": "#0"},
				"east": {"uv": [0, 4.28571, 1, 6.28571], "texture": "#0"},
				"south": {"uv": [0, 2.28571, 2, 4.28571], "texture": "#0"},
				"west": {"uv": [0, 3.14286, 1, 5.14286], "texture": "#0"},
				"up": {"uv": [1.42857, 0, 3.42857, 1], "texture": "#0"},
				"down": {"uv": [0.57143, 0, 2.57143, 1], "texture": "#0"}
			}
		},
		{
			"from": [11, 3, -7],
			"to": [13, 5, -6],
			"rotation": {"angle": 0, "axis": "y", "origin": [0, 0, 3]},
			"faces": {
				"north": {"uv": [1, 6.28571, 3, 8.28571], "texture": "#0"},
				"east": {"uv": [0, 4.28571, 1, 6.28571], "texture": "#0"},
				"south": {"uv": [0, 2.28571, 2, 4.28571], "texture": "#0"},
				"west": {"uv": [0, 3.14286, 1, 5.14286], "texture": "#0"},
				"up": {"uv": [1.42857, 0, 3.42857, 1], "texture": "#0"},
				"down": {"uv": [0.57143, 0, 2.57143, 1], "texture": "#0"}
			}
		},
		{
			"from": [4, 4, -7],
			"to": [11, 6, -6],
			"rotation": {"angle": 0, "axis": "y", "origin": [0, 0, 3]},
			"faces": {
				"north": {"uv": [1, 6.28571, 8, 8.28571], "texture": "#0"},
				"east": {"uv": [0, 4.28571, 1, 6.28571], "texture": "#0"},
				"south": {"uv": [0, 2.28571, 7, 4.28571], "texture": "#0"},
				"west": {"uv": [0, 3.14286, 1, 5.14286], "texture": "#0"},
				"up": {"uv": [1.42857, 0, 8.42857, 1], "texture": "#0"},
				"down": {"uv": [0.57143, 0, 7.57143, 1], "texture": "#0"}
			}
		},
		{
			"from": [13, 2, -7],
			"to": [16, 5, -6],
			"rotation": {"angle": 0, "axis": "y", "origin": [0, 0, 3]},
			"faces": {
				"north": {"uv": [1, 6.28571, 4, 9.28571], "texture": "#0"},
				"east": {"uv": [0, 4.28571, 1, 7.28571], "texture": "#0"},
				"south": {"uv": [0, 2.28571, 3, 5.28571], "texture": "#0"},
				"west": {"uv": [0, 3.14286, 1, 6.14286], "texture": "#0"},
				"up": {"uv": [1.42857, 0, 4.42857, 1], "texture": "#0"},
				"down": {"uv": [0.57143, 0, 3.57143, 1], "texture": "#0"}
			}
		},
		{
			"from": [-1, 2, 16],
			"to": [2, 5, 17],
			"rotation": {"angle": 0, "axis": "y", "origin": [0, 0, 3]},
			"faces": {
				"north": {"uv": [1, 6.28571, 4, 9.28571], "texture": "#0"},
				"east": {"uv": [0, 4.28571, 1, 7.28571], "texture": "#0"},
				"south": {"uv": [0, 2.28571, 3, 5.28571], "texture": "#0"},
				"west": {"uv": [0, 3.14286, 1, 6.14286], "texture": "#0"},
				"up": {"uv": [1.42857, 0, 4.42857, 1], "texture": "#0"},
				"down": {"uv": [0.57143, 0, 3.57143, 1], "texture": "#0"}
			}
		},
		{
			"from": [2, 3, 16],
			"to": [4, 5, 17],
			"rotation": {"angle": 0, "axis": "y", "origin": [0, 0, 3]},
			"faces": {
				"north": {"uv": [1, 6.28571, 3, 8.28571], "texture": "#0"},
				"east": {"uv": [0, 4.28571, 1, 6.28571], "texture": "#0"},
				"south": {"uv": [0, 2.28571, 2, 4.28571], "texture": "#0"},
				"west": {"uv": [0, 3.14286, 1, 5.14286], "texture": "#0"},
				"up": {"uv": [1.42857, 0, 3.42857, 1], "texture": "#0"},
				"down": {"uv": [0.57143, 0, 2.57143, 1], "texture": "#0"}
			}
		},
		{
			"from": [4, 4, 16],
			"to": [11, 6, 17],
			"rotation": {"angle": 0, "axis": "y", "origin": [0, 0, 3]},
			"faces": {
				"north": {"uv": [1, 6.28571, 8, 8.28571], "texture": "#0"},
				"east": {"uv": [0, 4.28571, 1, 6.28571], "texture": "#0"},
				"south": {"uv": [0, 2.28571, 7, 4.28571], "texture": "#0"},
				"west": {"uv": [0, 3.14286, 1, 5.14286], "texture": "#0"},
				"up": {"uv": [1.42857, 0, 8.42857, 1], "texture": "#0"},
				"down": {"uv": [0.57143, 0, 7.57143, 1], "texture": "#0"}
			}
		},
		{
			"from": [11, 3, 16],
			"to": [13, 5, 17],
			"rotation": {"angle": 0, "axis": "y", "origin": [0, 0, 3]},
			"faces": {
				"north": {"uv": [1, 6.28571, 3, 8.28571], "texture": "#0"},
				"east": {"uv": [0, 4.28571, 1, 6.28571], "texture": "#0"},
				"south": {"uv": [0, 2.28571, 2, 4.28571], "texture": "#0"},
				"west": {"uv": [0, 3.14286, 1, 5.14286], "texture": "#0"},
				"up": {"uv": [1.42857, 0, 3.42857, 1], "texture": "#0"},
				"down": {"uv": [0.57143, 0, 2.57143, 1], "texture": "#0"}
			}
		},
		{
			"from": [13, 2, 16],
			"to": [16, 5, 17],
			"rotation": {"angle": 0, "axis": "y", "origin": [0, 0, 3]},
			"faces": {
				"north": {"uv": [1, 6.28571, 4, 9.28571], "texture": "#0"},
				"east": {"uv": [0, 4.28571, 1, 7.28571], "texture": "#0"},
				"south": {"uv": [0, 2.28571, 3, 5.28571], "texture": "#0"},
				"west": {"uv": [0, 3.14286, 1, 6.14286], "texture": "#0"},
				"up": {"uv": [1.42857, 0, 4.42857, 1], "texture": "#0"},
				"down": {"uv": [0.57143, 0, 3.57143, 1], "texture": "#0"}
			}
		},
		{
			"from": [15, 1, -9],
			"to": [16, 5, -7],
			"rotation": {"angle": 0, "axis": "y", "origin": [0, 0, 3]},
			"faces": {
				"north": {"uv": [1, 6.28571, 2, 11.28571], "texture": "#0"},
				"east": {"uv": [0, 4.28571, 2, 9.28571], "texture": "#0"},
				"south": {"uv": [0, 2.28571, 1, 7.28571], "texture": "#0"},
				"west": {"uv": [0, 3.14286, 2, 8.14286], "texture": "#0"},
				"up": {"uv": [1.42857, 0, 2.42857, 2], "texture": "#0"},
				"down": {"uv": [0.57143, 0, 1.57143, 2], "texture": "#0"}
			}
		},
		{
			"from": [-1, 1, 17],
			"to": [0, 5, 19],
			"rotation": {"angle": 0, "axis": "y", "origin": [0, 0, 3]},
			"faces": {
				"north": {"uv": [1, 6.28571, 2, 11.28571], "texture": "#0"},
				"east": {"uv": [0, 4.28571, 2, 9.28571], "texture": "#0"},
				"south": {"uv": [0, 2.28571, 1, 7.28571], "texture": "#0"},
				"west": {"uv": [0, 3.14286, 2, 8.14286], "texture": "#0"},
				"up": {"uv": [1.42857, 0, 2.42857, 2], "texture": "#0"},
				"down": {"uv": [0.57143, 0, 1.57143, 2], "texture": "#0"}
			}
		},
		{
			"from": [15, 1, 17],
			"to": [16, 5, 19],
			"rotation": {"angle": 0, "axis": "y", "origin": [0, 0, 3]},
			"faces": {
				"north": {"uv": [1, 6.28571, 2, 11.28571], "texture": "#0"},
				"east": {"uv": [0, 4.28571, 2, 9.28571], "texture": "#0"},
				"south": {"uv": [0, 2.28571, 1, 7.28571], "texture": "#0"},
				"west": {"uv": [0, 3.14286, 2, 8.14286], "texture": "#0"},
				"up": {"uv": [1.42857, 0, 2.42857, 2], "texture": "#0"},
				"down": {"uv": [0.57143, 0, 1.57143, 2], "texture": "#0"}
			}
		}
	],
	"display": {
		"thirdperson_righthand": {
			"rotation": [90, 0, 125],
			"translation": [0.25, 0, -3.5],
			"scale": [0.5, 0.5, 0.5]
		},
		"thirdperson_lefthand": {
			"rotation": [90, 2, 125],
			"translation": [0.5, -3.75, -5],
			"scale": [0.5, 0.5, 0.5]
		},
		"firstperson_righthand": {
			"rotation": [0, 84, 0],
			"translation": [0, 0, -1.25],
			"scale": [0.48, 0.48, 0.48]
		},
		"firstperson_lefthand": {
			"rotation": [0, 84, 0],
			"translation": [0, 0.5, 0],
			"scale": [0.48, 0.48, 0.48]
		},
		"ground": {
			"rotation": [0, -180, 0]
		},
		"gui": {
			"rotation": [22, 34, 3],
			"translation": [0.75, -0.25, 0],
			"scale": [0.38, 0.38, 0.38]
		},
		"head": {
			"rotation": [0, -180, 0],
			"translation": [0, 5.75, -5],
			"scale": [1.2, 1.2, 1.2]
		}
	}
}