{
    "parent": "item/bow",
    "display": {
      "thirdperson_righthand": {
          "rotation": [ 0, -90, 45 ],
          "translation": [ 0, 8, 1.5 ],
          "scale": [ 1.75, 1.75, 1 ]
      },
      "thirdperson_lefthand": {
          "rotation": [ 0, 90, -45 ],
          "translation": [ 0, 8, 1.5 ],
          "scale": [ 1.75, 1.75, 1 ]
      },
      "firstperson_righthand": {
          "rotation": [ 0, -75, 40 ],
          "translation": [ 0, 6, 2 ]
      },
      "firstperson_lefthand": {
          "rotation": [ 0, 105, -40 ],
          "translation": [ 0, 6, 2 ]
      }
    },
    "textures": {
        "layer0": "ppg:item/rw/cloudforce_floating"
    }
}
