{
    "parent": "item/bow",
    "display": {
      "thirdperson_righthand": {
          "rotation": [ 0, 90, -135 ],
          "translation": [ 0, -2, 7 ],
          "scale": [ 1.5, 1.5, 1 ]
      },
      "thirdperson_lefthand": {
          "rotation": [ 0, 90, -45 ],
          "translation": [ 0, 8, 1.5 ],
          "scale": [ 1.75, 1.75, 1 ]
      },
      "firstperson_righthand": {
          "rotation": [ 0, -90, 20 ],
          "translation": [ 0, 2, 6 ]
      },
      "firstperson_lefthand": {
          "rotation": [ 0, 90, -20 ],
          "translation": [ 0, 2, 6 ]
      }
    },
    "textures": {
        "layer0": "ppg:item/rw/cloudforce_floating_pulling_1"
    }
}
