{
    "parent": "item/handheld",
    "display": {
      "thirdperson_righthand": {
          "rotation": [ 0, -90, 45 ],
          "translation": [ 0, 7.5, 1.5 ],
          "scale": [ 1.2, 1.2, 1 ]
      },
      "thirdperson_lefthand": {
          "rotation": [ 0, 90, -45 ],
          "translation": [ 0, 7.5, 1.5 ],
          "scale": [ 1.2, 1.2, 1 ]
      },
      "firstperson_righthand": {
          "rotation": [ 0, -75, 40 ],
          "translation": [ 0, 4, 2 ],
          "scale": [ 0.85, 0.85, 0.85 ]
      },
      "firstperson_lefthand": {
          "rotation": [ 0, 105, -40 ],
          "translation": [ 0, 4, 2 ],
          "scale": [ 0.85, 0.85, 0.85 ]
      }
    },
    "textures": {
        "layer0": "ppg:item/rw/dragonslayer"
    }
}
